subj,freq,ptype,dur,itemN,rt,error,ID
1,HF,rel,66ms,1,456.2,0,mm
1,HF,rel,66ms,2,492.4,0,mm
1,HF,rel,66ms,3,430.6,1,mm
1,HF,rel,66ms,4,452,0,mm
1,HF,rel,66ms,5,373.9,0,mm
1,HF,rel,66ms,6,478,0,mm
1,HF,rel,66ms,7,472.9,0,mm
1,HF,rel,66ms,8,453.4,0,mm
1,HF,rel,66ms,9,501.9,0,mm
1,HF,rel,66ms,10,514.4,0,mm
1,HF,rel,66ms,11,547.4,0,mm
1,HF,rel,66ms,12,580,0,mm
1,LF,rel,66ms,25,529.1,0,mm
1,LF,rel,66ms,26,490.5,0,mm
1,LF,rel,66ms,27,425.8,1,mm
1,LF,rel,66ms,28,431.5,0,mm
1,LF,rel,66ms,29,443.6,0,mm
1,LF,rel,66ms,30,458.6,0,mm
1,LF,rel,66ms,31,725.7,0,mm
1,LF,rel,66ms,32,572,0,mm
1,LF,rel,66ms,33,661.9,0,mm
1,LF,rel,66ms,34,528.2,0,mm
1,LF,rel,66ms,35,836.8,0,mm
1,LF,rel,66ms,36,585.4,0,mm
1,HF,rel,33ms,13,622,0,mm
1,HF,rel,33ms,14,432.3,0,mm
1,HF,rel,33ms,15,511.7,0,mm
1,HF,rel,33ms,16,494.3,0,mm
1,HF,rel,33ms,17,455.8,0,mm
1,HF,rel,33ms,18,546.5,0,mm
1,HF,rel,33ms,19,542.8,0,mm
1,HF,rel,33ms,20,522.1,0,mm
1,HF,rel,33ms,21,546.9,0,mm
1,HF,rel,33ms,22,535.1,0,mm
1,HF,rel,33ms,23,485.6,0,mm
1,HF,rel,33ms,24,625.3,0,mm
1,LF,rel,33ms,37,549.9,0,mm
1,LF,rel,33ms,38,678.3,0,mm
1,LF,rel,33ms,39,524.9,0,mm
1,LF,rel,33ms,40,514.2,0,mm
1,LF,rel,33ms,41,619.8,0,mm
1,LF,rel,33ms,42,698.2,1,mm
1,LF,rel,33ms,43,900.6,1,mm
1,LF,rel,33ms,44,1039.9,1,mm
1,LF,rel,33ms,45,547.5,0,mm
1,LF,rel,33ms,46,620,0,mm
1,LF,rel,33ms,47,555.3,0,mm
1,LF,rel,33ms,48,836.8,0,mm
1,HF,unrel,66ms,49,576.9,0,mm
1,HF,unrel,66ms,50,709.4,0,mm
1,HF,unrel,66ms,51,582.1,0,mm
1,HF,unrel,66ms,52,571.2,0,mm
1,HF,unrel,66ms,53,636.9,0,mm
1,HF,unrel,66ms,54,549,0,mm
1,HF,unrel,66ms,55,493.8,0,mm
1,HF,unrel,66ms,56,556.3,0,mm
1,HF,unrel,66ms,57,566.4,0,mm
1,HF,unrel,66ms,58,538.5,0,mm
1,HF,unrel,66ms,59,549.9,0,mm
1,HF,unrel,66ms,60,512.6,0,mm
1,LF,unrel,66ms,73,530.8,0,mm
1,LF,unrel,66ms,74,689.2,0,mm
1,LF,unrel,66ms,75,516,0,mm
1,LF,unrel,66ms,76,567.3,0,mm
1,LF,unrel,66ms,77,650.7,0,mm
1,LF,unrel,66ms,78,687.7,0,mm
1,LF,unrel,66ms,79,605.3,0,mm
1,LF,unrel,66ms,80,553.8,0,mm
1,LF,unrel,66ms,81,555.2,0,mm
1,LF,unrel,66ms,82,651.8,0,mm
1,LF,unrel,66ms,83,641.5,0,mm
1,LF,unrel,66ms,84,597.6,0,mm
1,HF,unrel,33ms,61,483.8,0,mm
1,HF,unrel,33ms,62,543.8,0,mm
1,HF,unrel,33ms,63,836.8,0,mm
1,HF,unrel,33ms,64,493.1,0,mm
1,HF,unrel,33ms,65,488.5,0,mm
1,HF,unrel,33ms,66,836.8,0,mm
1,HF,unrel,33ms,67,707.6,0,mm
1,HF,unrel,33ms,68,616.8,0,mm
1,HF,unrel,33ms,69,678.7,0,mm
1,HF,unrel,33ms,70,526.9,0,mm
1,HF,unrel,33ms,71,681.2,0,mm
1,HF,unrel,33ms,72,623.4,0,mm
1,LF,unrel,33ms,85,492.3,1,mm
1,LF,unrel,33ms,86,746.1,0,mm
1,LF,unrel,33ms,87,836.8,0,mm
1,LF,unrel,33ms,88,457.4,0,mm
1,LF,unrel,33ms,89,774.1,0,mm
1,LF,unrel,33ms,90,451.9,1,mm
1,LF,unrel,33ms,91,577.7,0,mm
1,LF,unrel,33ms,92,800.4,0,mm
1,LF,unrel,33ms,93,549.2,0,mm
1,LF,unrel,33ms,94,612.8,0,mm
1,LF,unrel,33ms,95,543.6,0,mm
1,LF,unrel,33ms,96,551.2,0,mm
2,HF,rel,66ms,1,348.1,0,cm
2,HF,rel,66ms,2,506.7,0,cm
2,HF,rel,66ms,3,534.1,0,cm
2,HF,rel,66ms,4,422.9,0,cm
2,HF,rel,66ms,5,334.9,0,cm
2,HF,rel,66ms,6,362.7,0,cm
2,HF,rel,66ms,7,432.2,0,cm
2,HF,rel,66ms,8,451.7,0,cm
2,HF,rel,66ms,9,466,0,cm
2,HF,rel,66ms,10,417.4,0,cm
2,HF,rel,66ms,11,640.9,0,cm
2,HF,rel,66ms,12,392.7,0,cm
2,LF,rel,66ms,25,437.1,0,cm
2,LF,rel,66ms,26,406.5,0,cm
2,LF,rel,66ms,27,594.1,0,cm
2,LF,rel,66ms,28,432.7,0,cm
2,LF,rel,66ms,29,363.5,0,cm
2,LF,rel,66ms,30,446.1,0,cm
2,LF,rel,66ms,31,396.2,0,cm
2,LF,rel,66ms,32,468.1,0,cm
2,LF,rel,66ms,33,635,0,cm
2,LF,rel,66ms,34,517.1,0,cm
2,LF,rel,66ms,35,715.8,0,cm
2,LF,rel,66ms,36,485.1,0,cm
2,HF,rel,33ms,13,494.3,0,cm
2,HF,rel,33ms,14,451.9,0,cm
2,HF,rel,33ms,15,409.7,0,cm
2,HF,rel,33ms,16,343.9,0,cm
2,HF,rel,33ms,17,474.5,0,cm
2,HF,rel,33ms,18,477.2,0,cm
2,HF,rel,33ms,19,438.7,0,cm
2,HF,rel,33ms,20,465.9,0,cm
2,HF,rel,33ms,21,605.5,0,cm
2,HF,rel,33ms,22,597.9,0,cm
2,HF,rel,33ms,23,497.9,0,cm
2,HF,rel,33ms,24,715.8,0,cm
2,LF,rel,33ms,37,428,0,cm
2,LF,rel,33ms,38,528.1,0,cm
2,LF,rel,33ms,39,507.1,0,cm
2,LF,rel,33ms,40,676.6,0,cm
2,LF,rel,33ms,41,436.8,0,cm
2,LF,rel,33ms,42,591.6,0,cm
2,LF,rel,33ms,43,427.9,0,cm
2,LF,rel,33ms,44,578.1,0,cm
2,LF,rel,33ms,45,461.8,0,cm
2,LF,rel,33ms,46,527.4,0,cm
2,LF,rel,33ms,47,441.6,0,cm
2,LF,rel,33ms,48,598.4,0,cm
2,HF,unrel,66ms,49,443.1,0,cm
2,HF,unrel,66ms,50,506.2,0,cm
2,HF,unrel,66ms,51,495.6,0,cm
2,HF,unrel,66ms,52,537.3,0,cm
2,HF,unrel,66ms,53,404.3,0,cm
2,HF,unrel,66ms,54,446.3,0,cm
2,HF,unrel,66ms,55,496.2,0,cm
2,HF,unrel,66ms,56,572.6,0,cm
2,HF,unrel,66ms,57,542.9,1,cm
2,HF,unrel,66ms,58,502.4,0,cm
2,HF,unrel,66ms,59,513.9,0,cm
2,HF,unrel,66ms,60,494.8,0,cm
2,LF,unrel,66ms,73,406.7,0,cm
2,LF,unrel,66ms,74,590.3,0,cm
2,LF,unrel,66ms,75,620.2,1,cm
2,LF,unrel,66ms,76,639.9,1,cm
2,LF,unrel,66ms,77,456.2,0,cm
2,LF,unrel,66ms,78,439,0,cm
2,LF,unrel,66ms,79,504.4,0,cm
2,LF,unrel,66ms,80,460.8,0,cm
2,LF,unrel,66ms,81,523.1,0,cm
2,LF,unrel,66ms,82,592.1,0,cm
2,LF,unrel,66ms,83,655.6,0,cm
2,LF,unrel,66ms,84,583.8,0,cm
2,HF,unrel,33ms,61,417.9,0,cm
2,HF,unrel,33ms,62,430.9,0,cm
2,HF,unrel,33ms,63,609.5,0,cm
2,HF,unrel,33ms,64,444.6,0,cm
2,HF,unrel,33ms,65,544.5,0,cm
2,HF,unrel,33ms,66,559.7,0,cm
2,HF,unrel,33ms,67,477.1,0,cm
2,HF,unrel,33ms,68,553.4,0,cm
2,HF,unrel,33ms,69,463.9,1,cm
2,HF,unrel,33ms,70,471,0,cm
2,HF,unrel,33ms,71,606.4,0,cm
2,HF,unrel,33ms,72,561.1,0,cm
2,LF,unrel,33ms,85,480.9,0,cm
2,LF,unrel,33ms,86,432.6,0,cm
2,LF,unrel,33ms,87,583.9,0,cm
2,LF,unrel,33ms,88,523.4,0,cm
2,LF,unrel,33ms,89,565,0,cm
2,LF,unrel,33ms,90,712.6,0,cm
2,LF,unrel,33ms,91,511.6,0,cm
2,LF,unrel,33ms,92,390,0,cm
2,LF,unrel,33ms,93,556.9,0,cm
2,LF,unrel,33ms,94,583.3,0,cm
2,LF,unrel,33ms,95,503,0,cm
2,LF,unrel,33ms,96,461.8,1,cm
3,HF,rel,66ms,1,389.9,0,dj
3,HF,rel,66ms,2,635.6,0,dj
3,HF,rel,66ms,3,377.6,0,dj
3,HF,rel,66ms,4,343.5,0,dj
3,HF,rel,66ms,5,333.4,0,dj
3,HF,rel,66ms,6,329.1,0,dj
3,HF,rel,66ms,7,569.3,0,dj
3,HF,rel,66ms,8,373.2,0,dj
3,HF,rel,66ms,9,417.2,1,dj
3,HF,rel,66ms,10,352.8,0,dj
3,HF,rel,66ms,11,407.2,0,dj
3,HF,rel,66ms,12,361.1,0,dj
3,LF,rel,66ms,25,477.4,0,dj
3,LF,rel,66ms,26,477.8,0,dj
3,LF,rel,66ms,27,635.6,0,dj
3,LF,rel,66ms,28,364.5,0,dj
3,LF,rel,66ms,29,520.6,0,dj
3,LF,rel,66ms,30,340.6,1,dj
3,LF,rel,66ms,31,396.9,0,dj
3,LF,rel,66ms,32,565.4,1,dj
3,LF,rel,66ms,33,496.1,0,dj
3,LF,rel,66ms,34,477.5,0,dj
3,LF,rel,66ms,35,467.4,0,dj
3,LF,rel,66ms,36,437.5,0,dj
3,HF,rel,33ms,13,473.4,0,dj
3,HF,rel,33ms,14,433.2,0,dj
3,HF,rel,33ms,15,448.6,0,dj
3,HF,rel,33ms,16,413,0,dj
3,HF,rel,33ms,17,438.2,0,dj
3,HF,rel,33ms,18,419.5,0,dj
3,HF,rel,33ms,19,496.2,0,dj
3,HF,rel,33ms,20,438.9,0,dj
3,HF,rel,33ms,21,491.6,0,dj
3,HF,rel,33ms,22,463,0,dj
3,HF,rel,33ms,23,417.1,0,dj
3,HF,rel,33ms,24,541,0,dj
3,LF,rel,33ms,37,475.3,1,dj
3,LF,rel,33ms,38,455.1,0,dj
3,LF,rel,33ms,39,419.8,0,dj
3,LF,rel,33ms,40,485.7,0,dj
3,LF,rel,33ms,41,514,0,dj
3,LF,rel,33ms,42,415.4,1,dj
3,LF,rel,33ms,43,428,0,dj
3,LF,rel,33ms,44,487.9,0,dj
3,LF,rel,33ms,45,351.2,1,dj
3,LF,rel,33ms,46,483.4,0,dj
3,LF,rel,33ms,47,445.7,0,dj
3,LF,rel,33ms,48,430.8,0,dj
3,HF,unrel,66ms,49,459.5,0,dj
3,HF,unrel,66ms,50,457,0,dj
3,HF,unrel,66ms,51,369.5,0,dj
3,HF,unrel,66ms,52,446.9,0,dj
3,HF,unrel,66ms,53,408.4,0,dj
3,HF,unrel,66ms,54,396.4,0,dj
3,HF,unrel,66ms,55,410.9,0,dj
3,HF,unrel,66ms,56,415.3,0,dj
3,HF,unrel,66ms,57,483.1,0,dj
3,HF,unrel,66ms,58,418.2,0,dj
3,HF,unrel,66ms,59,407.9,0,dj
3,HF,unrel,66ms,60,467.4,0,dj
3,LF,unrel,66ms,73,586.3,0,dj
3,LF,unrel,66ms,74,433.4,0,dj
3,LF,unrel,66ms,75,422.1,0,dj
3,LF,unrel,66ms,76,475.9,0,dj
3,LF,unrel,66ms,77,496.9,0,dj
3,LF,unrel,66ms,78,448.3,1,dj
3,LF,unrel,66ms,79,473.3,1,dj
3,LF,unrel,66ms,80,389.8,0,dj
3,LF,unrel,66ms,81,388.4,1,dj
3,LF,unrel,66ms,82,467.2,1,dj
3,LF,unrel,66ms,83,527.1,1,dj
3,LF,unrel,66ms,84,394.1,1,dj
3,HF,unrel,33ms,61,436.9,0,dj
3,HF,unrel,33ms,62,439.1,0,dj
3,HF,unrel,33ms,63,442.7,1,dj
3,HF,unrel,33ms,64,404.1,0,dj
3,HF,unrel,33ms,65,423.2,0,dj
3,HF,unrel,33ms,66,519,0,dj
3,HF,unrel,33ms,67,437.8,0,dj
3,HF,unrel,33ms,68,486.1,0,dj
3,HF,unrel,33ms,69,449,0,dj
3,HF,unrel,33ms,70,427.1,0,dj
3,HF,unrel,33ms,71,441.1,0,dj
3,HF,unrel,33ms,72,494.8,0,dj
3,LF,unrel,33ms,85,542,1,dj
3,LF,unrel,33ms,86,596.6,0,dj
3,LF,unrel,33ms,87,466.7,0,dj
3,LF,unrel,33ms,88,575,0,dj
3,LF,unrel,33ms,89,479.2,1,dj
3,LF,unrel,33ms,90,458.9,1,dj
3,LF,unrel,33ms,91,432.4,0,dj
3,LF,unrel,33ms,92,436.9,0,dj
3,LF,unrel,33ms,93,550.8,0,dj
3,LF,unrel,33ms,94,441.2,0,dj
3,LF,unrel,33ms,95,434.8,1,dj
3,LF,unrel,33ms,96,635.6,0,dj
4,HF,rel,66ms,1,835,0,cc
4,HF,rel,66ms,2,696,0,cc
4,HF,rel,66ms,3,758.7,0,cc
4,HF,rel,66ms,4,771.9,0,cc
4,HF,rel,66ms,5,535.8,0,cc
4,HF,rel,66ms,6,1029.7,0,cc
4,HF,rel,66ms,7,669.6,0,cc
4,HF,rel,66ms,8,868.3,0,cc
4,HF,rel,66ms,9,771.5,0,cc
4,HF,rel,66ms,10,814.5,0,cc
4,HF,rel,66ms,11,644.1,0,cc
4,HF,rel,66ms,12,787.2,0,cc
4,LF,rel,66ms,25,1131,0,cc
4,LF,rel,66ms,26,654.2,0,cc
4,LF,rel,66ms,27,1520.3,1,cc
4,LF,rel,66ms,28,647.3,0,cc
4,LF,rel,66ms,29,1061.3,0,cc
4,LF,rel,66ms,30,2267,1,cc
4,LF,rel,66ms,31,754.7,0,cc
4,LF,rel,66ms,32,1141,0,cc
4,LF,rel,66ms,33,604.5,0,cc
4,LF,rel,66ms,34,1173.3,0,cc
4,LF,rel,66ms,35,806.4,0,cc
4,LF,rel,66ms,36,2476.9,1,cc
4,HF,rel,33ms,13,760.1,0,cc
4,HF,rel,33ms,14,739.8,0,cc
4,HF,rel,33ms,15,946.6,0,cc
4,HF,rel,33ms,16,733,0,cc
4,HF,rel,33ms,17,1670.3,1,cc
4,HF,rel,33ms,18,1653.6,1,cc
4,HF,rel,33ms,19,822.8,0,cc
4,HF,rel,33ms,20,690,0,cc
4,HF,rel,33ms,21,691.9,0,cc
4,HF,rel,33ms,22,1132.9,0,cc
4,HF,rel,33ms,23,820.6,0,cc
4,HF,rel,33ms,24,851.5,0,cc
4,LF,rel,33ms,37,1697.4,1,cc
4,LF,rel,33ms,38,846,0,cc
4,LF,rel,33ms,39,978.7,0,cc
4,LF,rel,33ms,40,948.3,0,cc
4,LF,rel,33ms,41,830.3,0,cc
4,LF,rel,33ms,42,1064.9,0,cc
4,LF,rel,33ms,43,793,0,cc
4,LF,rel,33ms,44,2326.7,1,cc
4,LF,rel,33ms,45,753.6,0,cc
4,LF,rel,33ms,46,888.9,0,cc
4,LF,rel,33ms,47,974.1,0,cc
4,LF,rel,33ms,48,934.4,0,cc
4,HF,unrel,66ms,49,767.7,0,cc
4,HF,unrel,66ms,50,916.1,0,cc
4,HF,unrel,66ms,51,1109.1,0,cc
4,HF,unrel,66ms,52,768.5,0,cc
4,HF,unrel,66ms,53,828,0,cc
4,HF,unrel,66ms,54,853.4,0,cc
4,HF,unrel,66ms,55,801.3,0,cc
4,HF,unrel,66ms,56,977.3,0,cc
4,HF,unrel,66ms,57,1217,0,cc
4,HF,unrel,66ms,58,661,0,cc
4,HF,unrel,66ms,59,758.3,0,cc
4,HF,unrel,66ms,60,716.8,0,cc
4,LF,unrel,66ms,73,2148.2,1,cc
4,LF,unrel,66ms,74,720.6,0,cc
4,LF,unrel,66ms,75,2123.4,1,cc
4,LF,unrel,66ms,76,1439.6,1,cc
4,LF,unrel,66ms,77,797.3,0,cc
4,LF,unrel,66ms,78,1130.9,0,cc
4,LF,unrel,66ms,79,1035,0,cc
4,LF,unrel,66ms,80,950.5,0,cc
4,LF,unrel,66ms,81,1019.8,0,cc
4,LF,unrel,66ms,82,1785.1,1,cc
4,LF,unrel,66ms,83,1503.7,1,cc
4,LF,unrel,66ms,84,861.9,0,cc
4,HF,unrel,33ms,61,834,0,cc
4,HF,unrel,33ms,62,945.4,0,cc
4,HF,unrel,33ms,63,1123.2,0,cc
4,HF,unrel,33ms,64,739,0,cc
4,HF,unrel,33ms,65,1217,0,cc
4,HF,unrel,33ms,66,1533.3,1,cc
4,HF,unrel,33ms,67,978.4,0,cc
4,HF,unrel,33ms,68,636.5,0,cc
4,HF,unrel,33ms,69,895.5,0,cc
4,HF,unrel,33ms,70,795.8,0,cc
4,HF,unrel,33ms,71,900.3,0,cc
4,HF,unrel,33ms,72,692.9,0,cc
4,LF,unrel,33ms,85,808.1,0,cc
4,LF,unrel,33ms,86,791.8,0,cc
4,LF,unrel,33ms,87,1162.3,0,cc
4,LF,unrel,33ms,88,898,0,cc
4,LF,unrel,33ms,89,1217,0,cc
4,LF,unrel,33ms,90,1086,0,cc
4,LF,unrel,33ms,91,863.9,0,cc
4,LF,unrel,33ms,92,928.6,0,cc
4,LF,unrel,33ms,93,1009.3,0,cc
4,LF,unrel,33ms,94,1030.5,0,cc
4,LF,unrel,33ms,95,769.5,0,cc
4,LF,unrel,33ms,96,918.9,0,cc
5,HF,rel,66ms,1,541.2,0,cn
5,HF,rel,66ms,2,482.2,0,cn
5,HF,rel,66ms,3,509.2,0,cn
5,HF,rel,66ms,4,544.4,0,cn
5,HF,rel,66ms,5,499.9,0,cn
5,HF,rel,66ms,6,744.4,0,cn
5,HF,rel,66ms,7,576.7,0,cn
5,HF,rel,66ms,8,519.7,0,cn
5,HF,rel,66ms,9,541.1,0,cn
5,HF,rel,66ms,10,527.2,0,cn
5,HF,rel,66ms,11,626.2,0,cn
5,HF,rel,66ms,12,542.1,0,cn
5,LF,rel,66ms,25,595.9,0,cn
5,LF,rel,66ms,26,503.8,0,cn
5,LF,rel,66ms,27,739,1,cn
5,LF,rel,66ms,28,600.3,0,cn
5,LF,rel,66ms,29,526,0,cn
5,LF,rel,66ms,30,686.4,0,cn
5,LF,rel,66ms,31,1029.1,1,cn
5,LF,rel,66ms,32,562.2,0,cn
5,LF,rel,66ms,33,683.3,0,cn
5,LF,rel,66ms,34,665.8,0,cn
5,LF,rel,66ms,35,535,0,cn
5,LF,rel,66ms,36,557.9,0,cn
5,HF,rel,33ms,13,660.2,0,cn
5,HF,rel,33ms,14,502.4,0,cn
5,HF,rel,33ms,15,737.6,0,cn
5,HF,rel,33ms,16,528.1,0,cn
5,HF,rel,33ms,17,689.4,0,cn
5,HF,rel,33ms,18,880.1,0,cn
5,HF,rel,33ms,19,684.2,0,cn
5,HF,rel,33ms,20,586.3,0,cn
5,HF,rel,33ms,21,617.9,0,cn
5,HF,rel,33ms,22,521.4,0,cn
5,HF,rel,33ms,23,494,0,cn
5,HF,rel,33ms,24,482.2,0,cn
5,LF,rel,33ms,37,718.6,1,cn
5,LF,rel,33ms,38,669.6,0,cn
5,LF,rel,33ms,39,650.3,0,cn
5,LF,rel,33ms,40,671.9,0,cn
5,LF,rel,33ms,41,622.6,0,cn
5,LF,rel,33ms,42,880.1,0,cn
5,LF,rel,33ms,43,614,0,cn
5,LF,rel,33ms,44,892.5,1,cn
5,LF,rel,33ms,45,500.9,1,cn
5,LF,rel,33ms,46,643.1,0,cn
5,LF,rel,33ms,47,503.2,0,cn
5,LF,rel,33ms,48,572.5,0,cn
5,HF,unrel,66ms,49,554.9,0,cn
5,HF,unrel,66ms,50,616.9,0,cn
5,HF,unrel,66ms,51,620,1,cn
5,HF,unrel,66ms,52,562.9,0,cn
5,HF,unrel,66ms,53,536.5,0,cn
5,HF,unrel,66ms,54,854.4,0,cn
5,HF,unrel,66ms,55,568.6,0,cn
5,HF,unrel,66ms,56,571.1,0,cn
5,HF,unrel,66ms,57,536.2,1,cn
5,HF,unrel,66ms,58,493.3,0,cn
5,HF,unrel,66ms,59,466.4,0,cn
5,HF,unrel,66ms,60,516.3,0,cn
5,LF,unrel,66ms,73,707.9,0,cn
5,LF,unrel,66ms,74,548,0,cn
5,LF,unrel,66ms,75,1058.7,1,cn
5,LF,unrel,66ms,76,798,1,cn
5,LF,unrel,66ms,77,539.5,0,cn
5,LF,unrel,66ms,78,683.9,0,cn
5,LF,unrel,66ms,79,659.6,0,cn
5,LF,unrel,66ms,80,590.4,0,cn
5,LF,unrel,66ms,81,585.3,1,cn
5,LF,unrel,66ms,82,618,0,cn
5,LF,unrel,66ms,83,615,0,cn
5,LF,unrel,66ms,84,639.8,0,cn
5,HF,unrel,33ms,61,734.5,0,cn
5,HF,unrel,33ms,62,561.6,0,cn
5,HF,unrel,33ms,63,649.8,0,cn
5,HF,unrel,33ms,64,547.2,0,cn
5,HF,unrel,33ms,65,677.6,0,cn
5,HF,unrel,33ms,66,673.2,0,cn
5,HF,unrel,33ms,67,627,0,cn
5,HF,unrel,33ms,68,582.8,0,cn
5,HF,unrel,33ms,69,583.5,0,cn
5,HF,unrel,33ms,70,621.1,0,cn
5,HF,unrel,33ms,71,538.2,0,cn
5,HF,unrel,33ms,72,561.8,0,cn
5,LF,unrel,33ms,85,652.3,1,cn
5,LF,unrel,33ms,86,521,0,cn
5,LF,unrel,33ms,87,744.3,1,cn
5,LF,unrel,33ms,88,640,0,cn
5,LF,unrel,33ms,89,577.9,0,cn
5,LF,unrel,33ms,90,770.6,0,cn
5,LF,unrel,33ms,91,775.6,0,cn
5,LF,unrel,33ms,92,590.1,0,cn
5,LF,unrel,33ms,93,499.6,0,cn
5,LF,unrel,33ms,94,650.8,0,cn
5,LF,unrel,33ms,95,515.2,0,cn
5,LF,unrel,33ms,96,716,0,cn
6,HF,rel,66ms,1,430.5,0,jh
6,HF,rel,66ms,2,521.8,0,jh
6,HF,rel,66ms,3,461.3,0,jh
6,HF,rel,66ms,4,486.2,0,jh
6,HF,rel,66ms,5,601,0,jh
6,HF,rel,66ms,6,559.7,0,jh
6,HF,rel,66ms,7,466,0,jh
6,HF,rel,66ms,8,621.5,0,jh
6,HF,rel,66ms,9,523.4,0,jh
6,HF,rel,66ms,10,602,0,jh
6,HF,rel,66ms,11,629.6,0,jh
6,HF,rel,66ms,12,492,0,jh
6,LF,rel,66ms,25,469.1,0,jh
6,LF,rel,66ms,26,543.3,0,jh
6,LF,rel,66ms,27,687,1,jh
6,LF,rel,66ms,28,454.5,0,jh
6,LF,rel,66ms,29,405.4,0,jh
6,LF,rel,66ms,30,637.4,0,jh
6,LF,rel,66ms,31,526.1,0,jh
6,LF,rel,66ms,32,620.4,0,jh
6,LF,rel,66ms,33,616.1,0,jh
6,LF,rel,66ms,34,458.1,0,jh
6,LF,rel,66ms,35,611.2,0,jh
6,LF,rel,66ms,36,458.7,0,jh
6,HF,rel,33ms,13,505.3,0,jh
6,HF,rel,33ms,14,465.8,0,jh
6,HF,rel,33ms,15,592,0,jh
6,HF,rel,33ms,16,544.8,0,jh
6,HF,rel,33ms,17,538.9,0,jh
6,HF,rel,33ms,18,576,0,jh
6,HF,rel,33ms,19,510.3,0,jh
6,HF,rel,33ms,20,471.2,0,jh
6,HF,rel,33ms,21,439.9,0,jh
6,HF,rel,33ms,22,567.3,0,jh
6,HF,rel,33ms,23,485.8,0,jh
6,HF,rel,33ms,24,503.2,0,jh
6,LF,rel,33ms,37,608.2,1,jh
6,LF,rel,33ms,38,713.3,0,jh
6,LF,rel,33ms,39,723.3,0,jh
6,LF,rel,33ms,40,564.3,0,jh
6,LF,rel,33ms,41,723.3,0,jh
6,LF,rel,33ms,42,612.3,0,jh
6,LF,rel,33ms,43,513.4,0,jh
6,LF,rel,33ms,44,583.6,1,jh
6,LF,rel,33ms,45,674.3,0,jh
6,LF,rel,33ms,46,526.8,0,jh
6,LF,rel,33ms,47,557.9,0,jh
6,LF,rel,33ms,48,594,0,jh
6,HF,unrel,66ms,49,468.5,0,jh
6,HF,unrel,66ms,50,541.7,0,jh
6,HF,unrel,66ms,51,481.8,0,jh
6,HF,unrel,66ms,52,551.7,0,jh
6,HF,unrel,66ms,53,539,1,jh
6,HF,unrel,66ms,54,638.7,0,jh
6,HF,unrel,66ms,55,523.6,0,jh
6,HF,unrel,66ms,56,689,0,jh
6,HF,unrel,66ms,57,514.8,0,jh
6,HF,unrel,66ms,58,469.5,0,jh
6,HF,unrel,66ms,59,464.2,0,jh
6,HF,unrel,66ms,60,591.2,0,jh
6,LF,unrel,66ms,73,629.2,0,jh
6,LF,unrel,66ms,74,660.6,1,jh
6,LF,unrel,66ms,75,558.5,0,jh
6,LF,unrel,66ms,76,865.5,1,jh
6,LF,unrel,66ms,77,547.1,0,jh
6,LF,unrel,66ms,78,723.3,0,jh
6,LF,unrel,66ms,79,555.8,1,jh
6,LF,unrel,66ms,80,541,0,jh
6,LF,unrel,66ms,81,525.4,1,jh
6,LF,unrel,66ms,82,930.1,1,jh
6,LF,unrel,66ms,83,510.7,1,jh
6,LF,unrel,66ms,84,563.7,1,jh
6,HF,unrel,33ms,61,529.4,0,jh
6,HF,unrel,33ms,62,606.3,1,jh
6,HF,unrel,33ms,63,669,0,jh
6,HF,unrel,33ms,64,524.1,0,jh
6,HF,unrel,33ms,65,484.6,0,jh
6,HF,unrel,33ms,66,723.3,0,jh
6,HF,unrel,33ms,67,621.4,0,jh
6,HF,unrel,33ms,68,587.1,0,jh
6,HF,unrel,33ms,69,477.8,0,jh
6,HF,unrel,33ms,70,543.1,0,jh
6,HF,unrel,33ms,71,614.1,0,jh
6,HF,unrel,33ms,72,529.5,0,jh
6,LF,unrel,33ms,85,442.4,1,jh
6,LF,unrel,33ms,86,504.5,0,jh
6,LF,unrel,33ms,87,555,0,jh
6,LF,unrel,33ms,88,462.4,0,jh
6,LF,unrel,33ms,89,554.6,0,jh
6,LF,unrel,33ms,90,617.2,0,jh
6,LF,unrel,33ms,91,497.6,0,jh
6,LF,unrel,33ms,92,518,0,jh
6,LF,unrel,33ms,93,488.9,0,jh
6,LF,unrel,33ms,94,464,0,jh
6,LF,unrel,33ms,95,588.8,0,jh
6,LF,unrel,33ms,96,567.2,0,jh
7,HF,rel,66ms,1,511.6,0,HJ
7,HF,rel,66ms,2,513.2,0,HJ
7,HF,rel,66ms,3,393.2,0,HJ
7,HF,rel,66ms,4,491.4,0,HJ
7,HF,rel,66ms,5,495.6,0,HJ
7,HF,rel,66ms,6,455.8,0,HJ
7,HF,rel,66ms,7,446.4,0,HJ
7,HF,rel,66ms,8,458,0,HJ
7,HF,rel,66ms,9,457.1,0,HJ
7,HF,rel,66ms,10,484.8,0,HJ
7,HF,rel,66ms,11,515.9,0,HJ
7,HF,rel,66ms,12,471.8,0,HJ
7,LF,rel,66ms,25,424,0,HJ
7,LF,rel,66ms,26,488.5,0,HJ
7,LF,rel,66ms,27,636.7,0,HJ
7,LF,rel,66ms,28,447.9,0,HJ
7,LF,rel,66ms,29,487,0,HJ
7,LF,rel,66ms,30,428.1,0,HJ
7,LF,rel,66ms,31,505.8,0,HJ
7,LF,rel,66ms,32,501.5,0,HJ
7,LF,rel,66ms,33,541.1,0,HJ
7,LF,rel,66ms,34,467.1,0,HJ
7,LF,rel,66ms,35,567.1,0,HJ
7,LF,rel,66ms,36,454.9,0,HJ
7,HF,rel,33ms,13,477.8,0,HJ
7,HF,rel,33ms,14,453.5,0,HJ
7,HF,rel,33ms,15,467.1,0,HJ
7,HF,rel,33ms,16,525.4,0,HJ
7,HF,rel,33ms,17,505.6,0,HJ
7,HF,rel,33ms,18,469.3,0,HJ
7,HF,rel,33ms,19,534.8,0,HJ
7,HF,rel,33ms,20,472.7,0,HJ
7,HF,rel,33ms,21,513.8,0,HJ
7,HF,rel,33ms,22,459.8,0,HJ
7,HF,rel,33ms,23,471.6,0,HJ
7,HF,rel,33ms,24,451.4,0,HJ
7,LF,rel,33ms,37,495.6,0,HJ
7,LF,rel,33ms,38,532.2,0,HJ
7,LF,rel,33ms,39,441.9,0,HJ
7,LF,rel,33ms,40,499.8,0,HJ
7,LF,rel,33ms,41,537.5,0,HJ
7,LF,rel,33ms,42,497.7,0,HJ
7,LF,rel,33ms,43,503.3,0,HJ
7,LF,rel,33ms,44,636.7,0,HJ
7,LF,rel,33ms,45,556.6,0,HJ
7,LF,rel,33ms,46,509.1,0,HJ
7,LF,rel,33ms,47,458.9,0,HJ
7,LF,rel,33ms,48,468.4,0,HJ
7,HF,unrel,66ms,49,513.4,0,HJ
7,HF,unrel,66ms,50,484,0,HJ
7,HF,unrel,66ms,51,588.3,0,HJ
7,HF,unrel,66ms,52,475.4,0,HJ
7,HF,unrel,66ms,53,527.9,0,HJ
7,HF,unrel,66ms,54,518.1,0,HJ
7,HF,unrel,66ms,55,494.4,0,HJ
7,HF,unrel,66ms,56,539.8,0,HJ
7,HF,unrel,66ms,57,532.1,0,HJ
7,HF,unrel,66ms,58,603.5,0,HJ
7,HF,unrel,66ms,59,553.3,0,HJ
7,HF,unrel,66ms,60,526.7,0,HJ
7,LF,unrel,66ms,73,517.5,0,HJ
7,LF,unrel,66ms,74,620.4,0,HJ
7,LF,unrel,66ms,75,506.4,0,HJ
7,LF,unrel,66ms,76,583.6,1,HJ
7,LF,unrel,66ms,77,522.2,0,HJ
7,LF,unrel,66ms,78,596.9,0,HJ
7,LF,unrel,66ms,79,606.2,0,HJ
7,LF,unrel,66ms,80,501.5,0,HJ
7,LF,unrel,66ms,81,512.3,0,HJ
7,LF,unrel,66ms,82,527.4,1,HJ
7,LF,unrel,66ms,83,636.7,0,HJ
7,LF,unrel,66ms,84,526.2,0,HJ
7,HF,unrel,33ms,61,520.7,0,HJ
7,HF,unrel,33ms,62,459.4,0,HJ
7,HF,unrel,33ms,63,450,0,HJ
7,HF,unrel,33ms,64,487,0,HJ
7,HF,unrel,33ms,65,491.5,0,HJ
7,HF,unrel,33ms,66,566.2,1,HJ
7,HF,unrel,33ms,67,549,0,HJ
7,HF,unrel,33ms,68,636.7,0,HJ
7,HF,unrel,33ms,69,538.1,0,HJ
7,HF,unrel,33ms,70,479.8,0,HJ
7,HF,unrel,33ms,71,595,0,HJ
7,HF,unrel,33ms,72,582.7,0,HJ
7,LF,unrel,33ms,85,549.7,0,HJ
7,LF,unrel,33ms,86,534.6,0,HJ
7,LF,unrel,33ms,87,471.9,0,HJ
7,LF,unrel,33ms,88,495.3,0,HJ
7,LF,unrel,33ms,89,533.1,0,HJ
7,LF,unrel,33ms,90,627.3,0,HJ
7,LF,unrel,33ms,91,470.1,0,HJ
7,LF,unrel,33ms,92,496.2,0,HJ
7,LF,unrel,33ms,93,591,0,HJ
7,LF,unrel,33ms,94,522,0,HJ
7,LF,unrel,33ms,95,530.4,0,HJ
7,LF,unrel,33ms,96,447.3,0,HJ
8,HF,rel,66ms,1,710.6,0,cg
8,HF,rel,66ms,2,503.4,0,cg
8,HF,rel,66ms,3,565.6,0,cg
8,HF,rel,66ms,4,502.9,0,cg
8,HF,rel,66ms,5,545.1,0,cg
8,HF,rel,66ms,6,3702.6,1,cg
8,HF,rel,66ms,7,730.5,0,cg
8,HF,rel,66ms,8,854.9,0,cg
8,HF,rel,66ms,9,594.5,0,cg
8,HF,rel,66ms,10,652.8,1,cg
8,HF,rel,66ms,11,509.1,0,cg
8,HF,rel,66ms,12,705.4,0,cg
8,LF,rel,66ms,25,570.6,0,cg
8,LF,rel,66ms,26,788.4,0,cg
8,LF,rel,66ms,27,739.8,0,cg
8,LF,rel,66ms,28,497.4,0,cg
8,LF,rel,66ms,29,612.7,0,cg
8,LF,rel,66ms,30,1157.1,0,cg
8,LF,rel,66ms,31,1109.5,0,cg
8,LF,rel,66ms,32,931.9,0,cg
8,LF,rel,66ms,33,843.6,0,cg
8,LF,rel,66ms,34,550.9,0,cg
8,LF,rel,66ms,35,1157.1,0,cg
8,LF,rel,66ms,36,942.5,0,cg
8,HF,rel,33ms,13,640.2,0,cg
8,HF,rel,33ms,14,519.1,0,cg
8,HF,rel,33ms,15,601,0,cg
8,HF,rel,33ms,16,479.2,0,cg
8,HF,rel,33ms,17,587.6,0,cg
8,HF,rel,33ms,18,784.5,0,cg
8,HF,rel,33ms,19,866.7,0,cg
8,HF,rel,33ms,20,822.5,0,cg
8,HF,rel,33ms,21,552.8,0,cg
8,HF,rel,33ms,22,519.3,0,cg
8,HF,rel,33ms,23,590.8,0,cg
8,HF,rel,33ms,24,577.5,0,cg
8,LF,rel,33ms,37,757.5,0,cg
8,LF,rel,33ms,38,514,0,cg
8,LF,rel,33ms,39,580.3,0,cg
8,LF,rel,33ms,40,581.4,0,cg
8,LF,rel,33ms,41,1015.7,0,cg
8,LF,rel,33ms,42,955,0,cg
8,LF,rel,33ms,43,1073.8,0,cg
8,LF,rel,33ms,44,2165.7,1,cg
8,LF,rel,33ms,45,899.2,1,cg
8,LF,rel,33ms,46,618.9,0,cg
8,LF,rel,33ms,47,448.6,0,cg
8,LF,rel,33ms,48,869.2,0,cg
8,HF,unrel,66ms,49,596.7,0,cg
8,HF,unrel,66ms,50,608.4,0,cg
8,HF,unrel,66ms,51,530.5,0,cg
8,HF,unrel,66ms,52,742.7,0,cg
8,HF,unrel,66ms,53,715.1,0,cg
8,HF,unrel,66ms,54,1157.1,0,cg
8,HF,unrel,66ms,55,773.4,0,cg
8,HF,unrel,66ms,56,808.8,0,cg
8,HF,unrel,66ms,57,597,0,cg
8,HF,unrel,66ms,58,495.7,0,cg
8,HF,unrel,66ms,59,739,0,cg
8,HF,unrel,66ms,60,628.4,0,cg
8,LF,unrel,66ms,73,670.9,0,cg
8,LF,unrel,66ms,74,762.4,0,cg
8,LF,unrel,66ms,75,1329.5,1,cg
8,LF,unrel,66ms,76,854.7,0,cg
8,LF,unrel,66ms,77,702.5,0,cg
8,LF,unrel,66ms,78,1157.1,0,cg
8,LF,unrel,66ms,79,871.2,0,cg
8,LF,unrel,66ms,80,859.9,0,cg
8,LF,unrel,66ms,81,767.1,0,cg
8,LF,unrel,66ms,82,708.3,0,cg
8,LF,unrel,66ms,83,1052,0,cg
8,LF,unrel,66ms,84,789.3,0,cg
8,HF,unrel,33ms,61,725.3,0,cg
8,HF,unrel,33ms,62,673.5,0,cg
8,HF,unrel,33ms,63,617.4,0,cg
8,HF,unrel,33ms,64,685.6,0,cg
8,HF,unrel,33ms,65,671.4,0,cg
8,HF,unrel,33ms,66,1028.9,0,cg
8,HF,unrel,33ms,67,1140.3,0,cg
8,HF,unrel,33ms,68,784.8,0,cg
8,HF,unrel,33ms,69,711.8,0,cg
8,HF,unrel,33ms,70,660.3,0,cg
8,HF,unrel,33ms,71,795.8,1,cg
8,HF,unrel,33ms,72,643.3,0,cg
8,LF,unrel,33ms,85,782.3,0,cg
8,LF,unrel,33ms,86,535.6,0,cg
8,LF,unrel,33ms,87,647.6,0,cg
8,LF,unrel,33ms,88,673.5,0,cg
8,LF,unrel,33ms,89,827.8,0,cg
8,LF,unrel,33ms,90,1115.5,0,cg
8,LF,unrel,33ms,91,1153.6,0,cg
8,LF,unrel,33ms,92,871.3,0,cg
8,LF,unrel,33ms,93,799.4,0,cg
8,LF,unrel,33ms,94,761.6,0,cg
8,LF,unrel,33ms,95,565.6,0,cg
8,LF,unrel,33ms,96,846.3,0,cg
11,HF,rel,66ms,13,416.5,0,jw
11,HF,rel,66ms,14,397.9,0,jw
11,HF,rel,66ms,15,488.3,0,jw
11,HF,rel,66ms,16,426.4,0,jw
11,HF,rel,66ms,17,435.7,0,jw
11,HF,rel,66ms,18,379.2,0,jw
11,HF,rel,66ms,19,404.5,0,jw
11,HF,rel,66ms,20,337.3,0,jw
11,HF,rel,66ms,21,389.6,0,jw
11,HF,rel,66ms,22,460.4,0,jw
11,HF,rel,66ms,23,412.5,0,jw
11,HF,rel,66ms,24,478.1,0,jw
11,LF,rel,66ms,37,446.5,0,jw
11,LF,rel,66ms,38,438.3,0,jw
11,LF,rel,66ms,39,392.8,0,jw
11,LF,rel,66ms,40,516.5,0,jw
11,LF,rel,66ms,41,432.4,0,jw
11,LF,rel,66ms,42,396.3,0,jw
11,LF,rel,66ms,43,362.9,0,jw
11,LF,rel,66ms,44,428.3,0,jw
11,LF,rel,66ms,45,480,0,jw
11,LF,rel,66ms,46,444.9,0,jw
11,LF,rel,66ms,47,546,0,jw
11,LF,rel,66ms,48,581.4,0,jw
11,HF,rel,33ms,1,400.7,0,jw
11,HF,rel,33ms,2,395.8,0,jw
11,HF,rel,33ms,3,480.3,0,jw
11,HF,rel,33ms,4,393.6,0,jw
11,HF,rel,33ms,5,442.8,0,jw
11,HF,rel,33ms,6,507.9,0,jw
11,HF,rel,33ms,7,390.8,0,jw
11,HF,rel,33ms,8,455.2,0,jw
11,HF,rel,33ms,9,397.3,0,jw
11,HF,rel,33ms,10,415.5,0,jw
11,HF,rel,33ms,11,426.5,0,jw
11,HF,rel,33ms,12,484.1,0,jw
11,LF,rel,33ms,25,514.2,0,jw
11,LF,rel,33ms,26,422.6,0,jw
11,LF,rel,33ms,27,706.6,0,jw
11,LF,rel,33ms,28,432.3,0,jw
11,LF,rel,33ms,29,459.9,0,jw
11,LF,rel,33ms,30,494.6,0,jw
11,LF,rel,33ms,31,482,0,jw
11,LF,rel,33ms,32,495.9,0,jw
11,LF,rel,33ms,33,481.6,0,jw
11,LF,rel,33ms,34,383.5,0,jw
11,LF,rel,33ms,35,417.6,0,jw
11,LF,rel,33ms,36,706.6,0,jw
11,HF,unrel,66ms,61,468.4,0,jw
11,HF,unrel,66ms,62,454.1,0,jw
11,HF,unrel,66ms,63,444.8,0,jw
11,HF,unrel,66ms,64,439.2,0,jw
11,HF,unrel,66ms,65,470,0,jw
11,HF,unrel,66ms,66,706.6,0,jw
11,HF,unrel,66ms,67,569.8,0,jw
11,HF,unrel,66ms,68,504.6,0,jw
11,HF,unrel,66ms,69,706.6,0,jw
11,HF,unrel,66ms,70,561.7,0,jw
11,HF,unrel,66ms,71,706.6,0,jw
11,HF,unrel,66ms,72,496.1,0,jw
11,LF,unrel,66ms,85,547.9,0,jw
11,LF,unrel,66ms,86,470.7,0,jw
11,LF,unrel,66ms,87,421.2,0,jw
11,LF,unrel,66ms,88,534.4,0,jw
11,LF,unrel,66ms,89,462.1,0,jw
11,LF,unrel,66ms,90,757.6,1,jw
11,LF,unrel,66ms,91,409.1,0,jw
11,LF,unrel,66ms,92,430.8,0,jw
11,LF,unrel,66ms,93,591.1,0,jw
11,LF,unrel,66ms,94,547.9,0,jw
11,LF,unrel,66ms,95,429,0,jw
11,LF,unrel,66ms,96,542.3,0,jw
11,HF,unrel,33ms,49,410.1,0,jw
11,HF,unrel,33ms,50,422.1,0,jw
11,HF,unrel,33ms,51,435.1,0,jw
11,HF,unrel,33ms,52,444,0,jw
11,HF,unrel,33ms,53,390.2,0,jw
11,HF,unrel,33ms,54,677.9,0,jw
11,HF,unrel,33ms,55,454.5,0,jw
11,HF,unrel,33ms,56,447,0,jw
11,HF,unrel,33ms,57,455.4,0,jw
11,HF,unrel,33ms,58,391.9,0,jw
11,HF,unrel,33ms,59,419.7,0,jw
11,HF,unrel,33ms,60,413.3,0,jw
11,LF,unrel,33ms,73,412.2,0,jw
11,LF,unrel,33ms,74,468,0,jw
11,LF,unrel,33ms,75,642.6,0,jw
11,LF,unrel,33ms,76,534.3,0,jw
11,LF,unrel,33ms,77,441.7,0,jw
11,LF,unrel,33ms,78,561.4,0,jw
11,LF,unrel,33ms,79,548.7,0,jw
11,LF,unrel,33ms,80,460.6,0,jw
11,LF,unrel,33ms,81,706.6,0,jw
11,LF,unrel,33ms,82,602.1,0,jw
11,LF,unrel,33ms,83,576.4,1,jw
11,LF,unrel,33ms,84,568.3,0,jw
12,HF,rel,66ms,13,521.3,0,te
12,HF,rel,66ms,14,447.3,0,te
12,HF,rel,66ms,15,549.9,0,te
12,HF,rel,66ms,16,346.9,0,te
12,HF,rel,66ms,17,390.5,0,te
12,HF,rel,66ms,18,577.1,0,te
12,HF,rel,66ms,19,478.4,0,te
12,HF,rel,66ms,20,499.9,0,te
12,HF,rel,66ms,21,455.2,0,te
12,HF,rel,66ms,22,821.2,0,te
12,HF,rel,66ms,23,726.8,0,te
12,HF,rel,66ms,24,578.7,0,te
12,LF,rel,66ms,37,694.2,0,te
12,LF,rel,66ms,38,564.8,0,te
12,LF,rel,66ms,39,821.2,0,te
12,LF,rel,66ms,40,469.6,0,te
12,LF,rel,66ms,41,373.2,0,te
12,LF,rel,66ms,42,568.3,0,te
12,LF,rel,66ms,43,485.6,0,te
12,LF,rel,66ms,44,450.9,0,te
12,LF,rel,66ms,45,484.5,0,te
12,LF,rel,66ms,46,657.2,0,te
12,LF,rel,66ms,47,620.9,0,te
12,LF,rel,66ms,48,489,0,te
12,HF,rel,33ms,1,611.1,0,te
12,HF,rel,33ms,2,485.7,0,te
12,HF,rel,33ms,3,705.3,0,te
12,HF,rel,33ms,4,354,0,te
12,HF,rel,33ms,5,349.2,0,te
12,HF,rel,33ms,6,584.2,0,te
12,HF,rel,33ms,7,475.7,0,te
12,HF,rel,33ms,8,646.9,0,te
12,HF,rel,33ms,9,430.3,0,te
12,HF,rel,33ms,10,613.5,0,te
12,HF,rel,33ms,11,511.6,0,te
12,HF,rel,33ms,12,495.9,0,te
12,LF,rel,33ms,25,641.2,0,te
12,LF,rel,33ms,26,606.1,0,te
12,LF,rel,33ms,27,821.2,0,te
12,LF,rel,33ms,28,487.3,0,te
12,LF,rel,33ms,29,622.2,0,te
12,LF,rel,33ms,30,480,0,te
12,LF,rel,33ms,31,398.3,0,te
12,LF,rel,33ms,32,568,0,te
12,LF,rel,33ms,33,606.6,0,te
12,LF,rel,33ms,34,623.8,0,te
12,LF,rel,33ms,35,808.4,0,te
12,LF,rel,33ms,36,797.7,0,te
12,HF,unrel,66ms,61,571.1,0,te
12,HF,unrel,66ms,62,556.4,0,te
12,HF,unrel,66ms,63,677.8,0,te
12,HF,unrel,66ms,64,489.3,0,te
12,HF,unrel,66ms,65,503.4,0,te
12,HF,unrel,66ms,66,466.9,0,te
12,HF,unrel,66ms,67,511.6,0,te
12,HF,unrel,66ms,68,564,0,te
12,HF,unrel,66ms,69,435.1,0,te
12,HF,unrel,66ms,70,560.1,0,te
12,HF,unrel,66ms,71,578.5,0,te
12,HF,unrel,66ms,72,553.2,0,te
12,LF,unrel,66ms,85,509.4,0,te
12,LF,unrel,66ms,86,708.4,0,te
12,LF,unrel,66ms,87,821.2,0,te
12,LF,unrel,66ms,88,631.1,0,te
12,LF,unrel,66ms,89,505.7,0,te
12,LF,unrel,66ms,90,586.1,0,te
12,LF,unrel,66ms,91,523.8,0,te
12,LF,unrel,66ms,92,480.4,0,te
12,LF,unrel,66ms,93,632.3,0,te
12,LF,unrel,66ms,94,695.5,0,te
12,LF,unrel,66ms,95,591.8,0,te
12,LF,unrel,66ms,96,509.2,0,te
12,HF,unrel,33ms,49,605.2,0,te
12,HF,unrel,33ms,50,484.6,0,te
12,HF,unrel,33ms,51,646.7,0,te
12,HF,unrel,33ms,52,519.2,0,te
12,HF,unrel,33ms,53,551,0,te
12,HF,unrel,33ms,54,581.8,0,te
12,HF,unrel,33ms,55,587.1,0,te
12,HF,unrel,33ms,56,536.9,0,te
12,HF,unrel,33ms,57,466.4,0,te
12,HF,unrel,33ms,58,608.6,0,te
12,HF,unrel,33ms,59,821.2,0,te
12,HF,unrel,33ms,60,419.1,0,te
12,LF,unrel,33ms,73,604.3,0,te
12,LF,unrel,33ms,74,595.6,1,te
12,LF,unrel,33ms,75,884,1,te
12,LF,unrel,33ms,76,536.3,1,te
12,LF,unrel,33ms,77,439.6,0,te
12,LF,unrel,33ms,78,598.1,0,te
12,LF,unrel,33ms,79,618.8,0,te
12,LF,unrel,33ms,80,531.1,0,te
12,LF,unrel,33ms,81,775.3,0,te
12,LF,unrel,33ms,82,732.3,0,te
12,LF,unrel,33ms,83,467.3,1,te
12,LF,unrel,33ms,84,551.7,0,te
13,HF,rel,66ms,13,422,0,cd
13,HF,rel,66ms,14,410.2,0,cd
13,HF,rel,66ms,15,425.7,1,cd
13,HF,rel,66ms,16,345.9,0,cd
13,HF,rel,66ms,17,451,0,cd
13,HF,rel,66ms,18,670,0,cd
13,HF,rel,66ms,19,508.9,0,cd
13,HF,rel,66ms,20,396.8,0,cd
13,HF,rel,66ms,21,576.9,0,cd
13,HF,rel,66ms,22,457.1,0,cd
13,HF,rel,66ms,23,484.3,0,cd
13,HF,rel,66ms,24,426.2,0,cd
13,LF,rel,66ms,37,496.7,0,cd
13,LF,rel,66ms,38,496.4,0,cd
13,LF,rel,66ms,39,572.7,0,cd
13,LF,rel,66ms,40,401.4,1,cd
13,LF,rel,66ms,41,445.1,0,cd
13,LF,rel,66ms,42,705.1,0,cd
13,LF,rel,66ms,43,447.1,0,cd
13,LF,rel,66ms,44,433.4,0,cd
13,LF,rel,66ms,45,533.1,0,cd
13,LF,rel,66ms,46,395.1,0,cd
13,LF,rel,66ms,47,492,0,cd
13,LF,rel,66ms,48,575,0,cd
13,HF,rel,33ms,1,510.3,1,cd
13,HF,rel,33ms,2,403.1,0,cd
13,HF,rel,33ms,3,506.8,0,cd
13,HF,rel,33ms,4,427.1,0,cd
13,HF,rel,33ms,5,429.4,0,cd
13,HF,rel,33ms,6,553.5,0,cd
13,HF,rel,33ms,7,588.7,0,cd
13,HF,rel,33ms,8,530.9,0,cd
13,HF,rel,33ms,9,568.5,0,cd
13,HF,rel,33ms,10,496.7,0,cd
13,HF,rel,33ms,11,407,0,cd
13,HF,rel,33ms,12,562,1,cd
13,LF,rel,33ms,25,482.8,0,cd
13,LF,rel,33ms,26,568.1,0,cd
13,LF,rel,33ms,27,534.6,1,cd
13,LF,rel,33ms,28,513.3,0,cd
13,LF,rel,33ms,29,499.5,0,cd
13,LF,rel,33ms,30,534.2,0,cd
13,LF,rel,33ms,31,1069.5,1,cd
13,LF,rel,33ms,32,397,0,cd
13,LF,rel,33ms,33,468,0,cd
13,LF,rel,33ms,34,503.6,0,cd
13,LF,rel,33ms,35,705.1,0,cd
13,LF,rel,33ms,36,499.8,1,cd
13,HF,unrel,66ms,61,519.2,0,cd
13,HF,unrel,66ms,62,602.9,0,cd
13,HF,unrel,66ms,63,447.1,0,cd
13,HF,unrel,66ms,64,520.3,0,cd
13,HF,unrel,66ms,65,492,0,cd
13,HF,unrel,66ms,66,339.6,1,cd
13,HF,unrel,66ms,67,473.6,0,cd
13,HF,unrel,66ms,68,577.6,0,cd
13,HF,unrel,66ms,69,468.5,0,cd
13,HF,unrel,66ms,70,464.1,0,cd
13,HF,unrel,66ms,71,589.6,0,cd
13,HF,unrel,66ms,72,485.6,0,cd
13,LF,unrel,66ms,85,467.1,0,cd
13,LF,unrel,66ms,86,596.2,0,cd
13,LF,unrel,66ms,87,567.8,0,cd
13,LF,unrel,66ms,88,470.5,0,cd
13,LF,unrel,66ms,89,545,0,cd
13,LF,unrel,66ms,90,622.1,0,cd
13,LF,unrel,66ms,91,462.7,0,cd
13,LF,unrel,66ms,92,517.9,0,cd
13,LF,unrel,66ms,93,520.4,0,cd
13,LF,unrel,66ms,94,566.5,0,cd
13,LF,unrel,66ms,95,503.9,0,cd
13,LF,unrel,66ms,96,564.3,0,cd
13,HF,unrel,33ms,49,623.3,0,cd
13,HF,unrel,33ms,50,526.8,0,cd
13,HF,unrel,33ms,51,557.4,0,cd
13,HF,unrel,33ms,52,493.2,0,cd
13,HF,unrel,33ms,53,416.9,0,cd
13,HF,unrel,33ms,54,649.8,0,cd
13,HF,unrel,33ms,55,495.3,0,cd
13,HF,unrel,33ms,56,479.4,0,cd
13,HF,unrel,33ms,57,512.6,0,cd
13,HF,unrel,33ms,58,1006.5,1,cd
13,HF,unrel,33ms,59,444.9,0,cd
13,HF,unrel,33ms,60,429.2,0,cd
13,LF,unrel,33ms,73,456.9,0,cd
13,LF,unrel,33ms,74,469.8,1,cd
13,LF,unrel,33ms,75,460.9,1,cd
13,LF,unrel,33ms,76,632.5,1,cd
13,LF,unrel,33ms,77,548.2,0,cd
13,LF,unrel,33ms,78,613.2,0,cd
13,LF,unrel,33ms,79,621.4,0,cd
13,LF,unrel,33ms,80,426.6,0,cd
13,LF,unrel,33ms,81,705.1,0,cd
13,LF,unrel,33ms,82,510,0,cd
13,LF,unrel,33ms,83,577,1,cd
13,LF,unrel,33ms,84,441.5,1,cd
14,HF,rel,66ms,13,492.5,0,jc
14,HF,rel,66ms,14,450.8,0,jc
14,HF,rel,66ms,15,489,0,jc
14,HF,rel,66ms,16,363.3,0,jc
14,HF,rel,66ms,17,510.5,1,jc
14,HF,rel,66ms,18,401.1,0,jc
14,HF,rel,66ms,19,426.6,0,jc
14,HF,rel,66ms,20,458.1,0,jc
14,HF,rel,66ms,21,503.6,0,jc
14,HF,rel,66ms,22,489.1,0,jc
14,HF,rel,66ms,23,496.5,0,jc
14,HF,rel,66ms,24,399.7,0,jc
14,LF,rel,66ms,37,428.5,0,jc
14,LF,rel,66ms,38,789.6,0,jc
14,LF,rel,66ms,39,550.4,0,jc
14,LF,rel,66ms,40,630.2,0,jc
14,LF,rel,66ms,41,557.2,0,jc
14,LF,rel,66ms,42,488.1,0,jc
14,LF,rel,66ms,43,587.1,0,jc
14,LF,rel,66ms,44,481.8,0,jc
14,LF,rel,66ms,45,578.6,0,jc
14,LF,rel,66ms,46,546.2,0,jc
14,LF,rel,66ms,47,501.5,0,jc
14,LF,rel,66ms,48,480.4,0,jc
14,HF,rel,33ms,1,448.9,0,jc
14,HF,rel,33ms,2,760.4,0,jc
14,HF,rel,33ms,3,598.3,0,jc
14,HF,rel,33ms,4,548,0,jc
14,HF,rel,33ms,5,499.6,0,jc
14,HF,rel,33ms,6,461.7,0,jc
14,HF,rel,33ms,7,443.4,0,jc
14,HF,rel,33ms,8,454.1,0,jc
14,HF,rel,33ms,9,596.5,0,jc
14,HF,rel,33ms,10,603.6,0,jc
14,HF,rel,33ms,11,489.2,0,jc
14,HF,rel,33ms,12,460.7,0,jc
14,LF,rel,33ms,25,507.6,0,jc
14,LF,rel,33ms,26,582.7,0,jc
14,LF,rel,33ms,27,600.9,1,jc
14,LF,rel,33ms,28,476.3,0,jc
14,LF,rel,33ms,29,377.4,0,jc
14,LF,rel,33ms,30,519,0,jc
14,LF,rel,33ms,31,352,0,jc
14,LF,rel,33ms,32,505.1,0,jc
14,LF,rel,33ms,33,573.5,0,jc
14,LF,rel,33ms,34,766,0,jc
14,LF,rel,33ms,35,574.9,0,jc
14,LF,rel,33ms,36,586.4,1,jc
14,HF,unrel,66ms,61,480.1,0,jc
14,HF,unrel,66ms,62,515.5,0,jc
14,HF,unrel,66ms,63,433.7,0,jc
14,HF,unrel,66ms,64,538.2,0,jc
14,HF,unrel,66ms,65,580.9,0,jc
14,HF,unrel,66ms,66,789.6,0,jc
14,HF,unrel,66ms,67,581.3,0,jc
14,HF,unrel,66ms,68,405.7,0,jc
14,HF,unrel,66ms,69,554.2,0,jc
14,HF,unrel,66ms,70,472.4,0,jc
14,HF,unrel,66ms,71,566.8,0,jc
14,HF,unrel,66ms,72,596.8,0,jc
14,LF,unrel,66ms,85,512.9,0,jc
14,LF,unrel,66ms,86,501.7,0,jc
14,LF,unrel,66ms,87,653.1,0,jc
14,LF,unrel,66ms,88,556.2,0,jc
14,LF,unrel,66ms,89,477.9,0,jc
14,LF,unrel,66ms,90,789.6,0,jc
14,LF,unrel,66ms,91,543,0,jc
14,LF,unrel,66ms,92,445.6,0,jc
14,LF,unrel,66ms,93,535.2,0,jc
14,LF,unrel,66ms,94,467.5,0,jc
14,LF,unrel,66ms,95,582.9,0,jc
14,LF,unrel,66ms,96,554.9,0,jc
14,HF,unrel,33ms,49,498.4,0,jc
14,HF,unrel,33ms,50,647.7,1,jc
14,HF,unrel,33ms,51,672.7,0,jc
14,HF,unrel,33ms,52,481,0,jc
14,HF,unrel,33ms,53,406.9,0,jc
14,HF,unrel,33ms,54,487.9,0,jc
14,HF,unrel,33ms,55,465.2,0,jc
14,HF,unrel,33ms,56,419.4,0,jc
14,HF,unrel,33ms,57,682.6,0,jc
14,HF,unrel,33ms,58,495.1,0,jc
14,HF,unrel,33ms,59,710.4,0,jc
14,HF,unrel,33ms,60,416.4,0,jc
14,LF,unrel,33ms,73,518,0,jc
14,LF,unrel,33ms,74,520.7,0,jc
14,LF,unrel,33ms,75,764.5,1,jc
14,LF,unrel,33ms,76,719.8,0,jc
14,LF,unrel,33ms,77,643.8,0,jc
14,LF,unrel,33ms,78,496.9,0,jc
14,LF,unrel,33ms,79,477.4,0,jc
14,LF,unrel,33ms,80,405.9,0,jc
14,LF,unrel,33ms,81,789.6,0,jc
14,LF,unrel,33ms,82,648.8,0,jc
14,LF,unrel,33ms,83,622.3,0,jc
14,LF,unrel,33ms,84,789.6,0,jc
15,HF,rel,66ms,13,512.6,0,mh
15,HF,rel,66ms,14,409.6,0,mh
15,HF,rel,66ms,15,540.9,0,mh
15,HF,rel,66ms,16,431.3,0,mh
15,HF,rel,66ms,17,450.9,0,mh
15,HF,rel,66ms,18,474,0,mh
15,HF,rel,66ms,19,424.9,1,mh
15,HF,rel,66ms,20,331.9,0,mh
15,HF,rel,66ms,21,533.6,0,mh
15,HF,rel,66ms,22,644.5,0,mh
15,HF,rel,66ms,23,425.5,0,mh
15,HF,rel,66ms,24,402.3,1,mh
15,LF,rel,66ms,37,554.8,0,mh
15,LF,rel,66ms,38,519.7,0,mh
15,LF,rel,66ms,39,652.4,0,mh
15,LF,rel,66ms,40,542.8,0,mh
15,LF,rel,66ms,41,494.5,0,mh
15,LF,rel,66ms,42,444.8,0,mh
15,LF,rel,66ms,43,422.6,0,mh
15,LF,rel,66ms,44,411.1,0,mh
15,LF,rel,66ms,45,559.5,0,mh
15,LF,rel,66ms,46,416.1,0,mh
15,LF,rel,66ms,47,500.2,0,mh
15,LF,rel,66ms,48,442.5,0,mh
15,HF,rel,33ms,1,493.2,0,mh
15,HF,rel,33ms,2,447.3,0,mh
15,HF,rel,33ms,3,496.9,0,mh
15,HF,rel,33ms,4,476,0,mh
15,HF,rel,33ms,5,444.4,1,mh
15,HF,rel,33ms,6,380.3,0,mh
15,HF,rel,33ms,7,486.8,0,mh
15,HF,rel,33ms,8,372.7,0,mh
15,HF,rel,33ms,9,653.8,0,mh
15,HF,rel,33ms,10,363.6,0,mh
15,HF,rel,33ms,11,551.9,0,mh
15,HF,rel,33ms,12,472.3,1,mh
15,LF,rel,33ms,25,401.9,0,mh
15,LF,rel,33ms,26,442.4,0,mh
15,LF,rel,33ms,27,342.2,0,mh
15,LF,rel,33ms,28,533.2,0,mh
15,LF,rel,33ms,29,553.4,0,mh
15,LF,rel,33ms,30,610.7,0,mh
15,LF,rel,33ms,31,434.4,1,mh
15,LF,rel,33ms,32,476.8,1,mh
15,LF,rel,33ms,33,591.1,0,mh
15,LF,rel,33ms,34,653.8,0,mh
15,LF,rel,33ms,35,343.8,0,mh
15,LF,rel,33ms,36,705.7,1,mh
15,HF,unrel,66ms,61,430.1,0,mh
15,HF,unrel,66ms,62,485,0,mh
15,HF,unrel,66ms,63,450.4,0,mh
15,HF,unrel,66ms,64,510.1,0,mh
15,HF,unrel,66ms,65,653.8,0,mh
15,HF,unrel,66ms,66,569.3,0,mh
15,HF,unrel,66ms,67,469.6,0,mh
15,HF,unrel,66ms,68,364.3,1,mh
15,HF,unrel,66ms,69,592.8,0,mh
15,HF,unrel,66ms,70,431.7,0,mh
15,HF,unrel,66ms,71,418,0,mh
15,HF,unrel,66ms,72,546.9,0,mh
15,LF,unrel,66ms,85,481.5,0,mh
15,LF,unrel,66ms,86,483.3,0,mh
15,LF,unrel,66ms,87,234.6,1,mh
15,LF,unrel,66ms,88,513.8,0,mh
15,LF,unrel,66ms,89,533,0,mh
15,LF,unrel,66ms,90,585.1,1,mh
15,LF,unrel,66ms,91,511,0,mh
15,LF,unrel,66ms,92,474.2,0,mh
15,LF,unrel,66ms,93,638.1,0,mh
15,LF,unrel,66ms,94,477.1,0,mh
15,LF,unrel,66ms,95,496.6,0,mh
15,LF,unrel,66ms,96,516.2,0,mh
15,HF,unrel,33ms,49,446.3,0,mh
15,HF,unrel,33ms,50,452.7,0,mh
15,HF,unrel,33ms,51,424.3,1,mh
15,HF,unrel,33ms,52,478.4,0,mh
15,HF,unrel,33ms,53,531.4,0,mh
15,HF,unrel,33ms,54,592.7,0,mh
15,HF,unrel,33ms,55,388.2,0,mh
15,HF,unrel,33ms,56,560.3,0,mh
15,HF,unrel,33ms,57,403.6,1,mh
15,HF,unrel,33ms,58,630.2,1,mh
15,HF,unrel,33ms,59,380.3,0,mh
15,HF,unrel,33ms,60,487.3,0,mh
15,LF,unrel,33ms,73,519.5,1,mh
15,LF,unrel,33ms,74,372,0,mh
15,LF,unrel,33ms,75,534.8,0,mh
15,LF,unrel,33ms,76,585.7,1,mh
15,LF,unrel,33ms,77,489.6,0,mh
15,LF,unrel,33ms,78,567.2,0,mh
15,LF,unrel,33ms,79,466.6,0,mh
15,LF,unrel,33ms,80,476.5,0,mh
15,LF,unrel,33ms,81,612.2,1,mh
15,LF,unrel,33ms,82,577.1,1,mh
15,LF,unrel,33ms,83,585.2,0,mh
15,LF,unrel,33ms,84,423.8,1,mh
17,HF,rel,66ms,13,772.2,0,tb
17,HF,rel,66ms,14,579,0,tb
17,HF,rel,66ms,15,576.7,0,tb
17,HF,rel,66ms,16,558.8,0,tb
17,HF,rel,66ms,17,568.8,0,tb
17,HF,rel,66ms,18,551.2,0,tb
17,HF,rel,66ms,19,398.4,0,tb
17,HF,rel,66ms,20,673.9,0,tb
17,HF,rel,66ms,21,607.9,0,tb
17,HF,rel,66ms,22,1003.1,0,tb
17,HF,rel,66ms,23,550.1,0,tb
17,HF,rel,66ms,24,549.9,1,tb
17,LF,rel,66ms,37,551.8,0,tb
17,LF,rel,66ms,38,986,0,tb
17,LF,rel,66ms,39,654.1,0,tb
17,LF,rel,66ms,40,712.4,1,tb
17,LF,rel,66ms,41,612.8,0,tb
17,LF,rel,66ms,42,630,0,tb
17,LF,rel,66ms,43,808.7,0,tb
17,LF,rel,66ms,44,687.7,1,tb
17,LF,rel,66ms,45,906.9,0,tb
17,LF,rel,66ms,46,523.4,0,tb
17,LF,rel,66ms,47,686.6,0,tb
17,LF,rel,66ms,48,612.7,0,tb
17,HF,rel,33ms,1,1063.4,0,tb
17,HF,rel,33ms,2,1135.8,0,tb
17,HF,rel,33ms,3,2222.4,1,tb
17,HF,rel,33ms,4,556.5,0,tb
17,HF,rel,33ms,5,567.3,0,tb
17,HF,rel,33ms,6,570.9,0,tb
17,HF,rel,33ms,7,433.7,0,tb
17,HF,rel,33ms,8,821.2,1,tb
17,HF,rel,33ms,9,631.7,0,tb
17,HF,rel,33ms,10,552.1,0,tb
17,HF,rel,33ms,11,651.3,0,tb
17,HF,rel,33ms,12,671.2,0,tb
17,LF,rel,33ms,25,727.9,0,tb
17,LF,rel,33ms,26,832.7,0,tb
17,LF,rel,33ms,27,809.1,1,tb
17,LF,rel,33ms,28,753.4,0,tb
17,LF,rel,33ms,29,741.7,0,tb
17,LF,rel,33ms,30,452.9,0,tb
17,LF,rel,33ms,31,901.4,1,tb
17,LF,rel,33ms,32,500.3,0,tb
17,LF,rel,33ms,33,911.7,0,tb
17,LF,rel,33ms,34,682,0,tb
17,LF,rel,33ms,35,697.8,0,tb
17,LF,rel,33ms,36,577.2,1,tb
17,HF,unrel,66ms,61,1135.8,0,tb
17,HF,unrel,66ms,62,938.1,0,tb
17,HF,unrel,66ms,63,760,0,tb
17,HF,unrel,66ms,64,554.5,0,tb
17,HF,unrel,66ms,65,773.8,0,tb
17,HF,unrel,66ms,66,492.4,1,tb
17,HF,unrel,66ms,67,776.9,0,tb
17,HF,unrel,66ms,68,1015.2,1,tb
17,HF,unrel,66ms,69,887,0,tb
17,HF,unrel,66ms,70,474,0,tb
17,HF,unrel,66ms,71,551.5,0,tb
17,HF,unrel,66ms,72,933.8,0,tb
17,LF,unrel,66ms,85,881.2,0,tb
17,LF,unrel,66ms,86,1135.8,0,tb
17,LF,unrel,66ms,87,711.7,1,tb
17,LF,unrel,66ms,88,892,0,tb
17,LF,unrel,66ms,89,736.1,0,tb
17,LF,unrel,66ms,90,662.6,1,tb
17,LF,unrel,66ms,91,728.6,1,tb
17,LF,unrel,66ms,92,578.4,0,tb
17,LF,unrel,66ms,93,1135.8,0,tb
17,LF,unrel,66ms,94,623.1,0,tb
17,LF,unrel,66ms,95,635.1,0,tb
17,LF,unrel,66ms,96,763.4,0,tb
17,HF,unrel,33ms,49,631.3,0,tb
17,HF,unrel,33ms,50,2136.3,1,tb
17,HF,unrel,33ms,51,1135.8,0,tb
17,HF,unrel,33ms,52,539.7,0,tb
17,HF,unrel,33ms,53,506.3,0,tb
17,HF,unrel,33ms,54,614.2,0,tb
17,HF,unrel,33ms,55,653.7,0,tb
17,HF,unrel,33ms,56,524,0,tb
17,HF,unrel,33ms,57,775,0,tb
17,HF,unrel,33ms,58,619.7,0,tb
17,HF,unrel,33ms,59,552,0,tb
17,HF,unrel,33ms,60,1135.8,0,tb
17,LF,unrel,33ms,73,535.1,0,tb
17,LF,unrel,33ms,74,710,0,tb
17,LF,unrel,33ms,75,883.7,1,tb
17,LF,unrel,33ms,76,1171.7,1,tb
17,LF,unrel,33ms,77,684.2,0,tb
17,LF,unrel,33ms,78,635.3,0,tb
17,LF,unrel,33ms,79,685.1,1,tb
17,LF,unrel,33ms,80,535.6,0,tb
17,LF,unrel,33ms,81,1781.4,1,tb
17,LF,unrel,33ms,82,682.1,1,tb
17,LF,unrel,33ms,83,567.1,0,tb
17,LF,unrel,33ms,84,736.6,0,tb
18,HF,rel,66ms,13,461.8,0,PM
18,HF,rel,66ms,14,482.2,0,PM
18,HF,rel,66ms,15,422.9,0,PM
18,HF,rel,66ms,16,430.1,0,PM
18,HF,rel,66ms,17,482.5,0,PM
18,HF,rel,66ms,18,524.8,0,PM
18,HF,rel,66ms,19,439.2,0,PM
18,HF,rel,66ms,20,432.5,0,PM
18,HF,rel,66ms,21,409,0,PM
18,HF,rel,66ms,22,400.8,0,PM
18,HF,rel,66ms,23,451.3,0,PM
18,HF,rel,66ms,24,410,0,PM
18,LF,rel,66ms,37,569.9,0,PM
18,LF,rel,66ms,38,1376.9,1,PM
18,LF,rel,66ms,39,530.1,0,PM
18,LF,rel,66ms,40,430.6,0,PM
18,LF,rel,66ms,41,459.1,0,PM
18,LF,rel,66ms,42,472.7,0,PM
18,LF,rel,66ms,43,708.4,0,PM
18,LF,rel,66ms,44,708.4,0,PM
18,LF,rel,66ms,45,462.6,0,PM
18,LF,rel,66ms,46,446.9,0,PM
18,LF,rel,66ms,47,429.8,0,PM
18,LF,rel,66ms,48,463.5,0,PM
18,HF,rel,33ms,1,476.5,0,PM
18,HF,rel,33ms,2,576.8,0,PM
18,HF,rel,33ms,3,422.5,0,PM
18,HF,rel,33ms,4,522,0,PM
18,HF,rel,33ms,5,479.2,1,PM
18,HF,rel,33ms,6,523.6,0,PM
18,HF,rel,33ms,7,585.8,0,PM
18,HF,rel,33ms,8,659.9,0,PM
18,HF,rel,33ms,9,665.6,0,PM
18,HF,rel,33ms,10,470.4,1,PM
18,HF,rel,33ms,11,479.4,0,PM
18,HF,rel,33ms,12,455.3,0,PM
18,LF,rel,33ms,25,622.3,0,PM
18,LF,rel,33ms,26,573.4,0,PM
18,LF,rel,33ms,27,1249.1,1,PM
18,LF,rel,33ms,28,503.1,0,PM
18,LF,rel,33ms,29,587.2,0,PM
18,LF,rel,33ms,30,579.4,0,PM
18,LF,rel,33ms,31,685.1,1,PM
18,LF,rel,33ms,32,478.3,0,PM
18,LF,rel,33ms,33,436.6,0,PM
18,LF,rel,33ms,34,412.3,0,PM
18,LF,rel,33ms,35,489.6,0,PM
18,LF,rel,33ms,36,618.5,1,PM
18,HF,unrel,66ms,61,496,0,PM
18,HF,unrel,66ms,62,501.5,0,PM
18,HF,unrel,66ms,63,483,0,PM
18,HF,unrel,66ms,64,2945.9,1,PM
18,HF,unrel,66ms,65,460.8,0,PM
18,HF,unrel,66ms,66,531.6,0,PM
18,HF,unrel,66ms,67,620,0,PM
18,HF,unrel,66ms,68,551.2,0,PM
18,HF,unrel,66ms,69,507.3,0,PM
18,HF,unrel,66ms,70,457.4,0,PM
18,HF,unrel,66ms,71,519,0,PM
18,HF,unrel,66ms,72,540.3,0,PM
18,LF,unrel,66ms,85,491,0,PM
18,LF,unrel,66ms,86,518.8,0,PM
18,LF,unrel,66ms,87,526.4,0,PM
18,LF,unrel,66ms,88,589.7,0,PM
18,LF,unrel,66ms,89,582.8,0,PM
18,LF,unrel,66ms,90,701.2,0,PM
18,LF,unrel,66ms,91,466.8,0,PM
18,LF,unrel,66ms,92,534.9,0,PM
18,LF,unrel,66ms,93,524.2,0,PM
18,LF,unrel,66ms,94,516.4,0,PM
18,LF,unrel,66ms,95,548.7,0,PM
18,LF,unrel,66ms,96,587.8,0,PM
18,HF,unrel,33ms,49,584.3,0,PM
18,HF,unrel,33ms,50,476.9,0,PM
18,HF,unrel,33ms,51,624.5,0,PM
18,HF,unrel,33ms,52,456.4,0,PM
18,HF,unrel,33ms,53,509.5,0,PM
18,HF,unrel,33ms,54,570.3,0,PM
18,HF,unrel,33ms,55,531.7,0,PM
18,HF,unrel,33ms,56,579.3,0,PM
18,HF,unrel,33ms,57,517.3,0,PM
18,HF,unrel,33ms,58,500.9,0,PM
18,HF,unrel,33ms,59,463.1,0,PM
18,HF,unrel,33ms,60,477,0,PM
18,LF,unrel,33ms,73,536,0,PM
18,LF,unrel,33ms,74,597.9,0,PM
18,LF,unrel,33ms,75,597.7,1,PM
18,LF,unrel,33ms,76,370.2,0,PM
18,LF,unrel,33ms,77,1737.1,1,PM
18,LF,unrel,33ms,78,634.2,0,PM
18,LF,unrel,33ms,79,632.2,0,PM
18,LF,unrel,33ms,80,708.4,0,PM
18,LF,unrel,33ms,81,675,1,PM
18,LF,unrel,33ms,82,805.3,1,PM
18,LF,unrel,33ms,83,496.3,1,PM
18,LF,unrel,33ms,84,653.6,0,PM
19,HF,rel,66ms,13,621.1,0,yh
19,HF,rel,66ms,14,475.9,0,yh
19,HF,rel,66ms,15,914.8,1,yh
19,HF,rel,66ms,16,567.4,0,yh
19,HF,rel,66ms,17,530.6,0,yh
19,HF,rel,66ms,18,640.4,0,yh
19,HF,rel,66ms,19,508.6,0,yh
19,HF,rel,66ms,20,704.6,0,yh
19,HF,rel,66ms,21,637.2,0,yh
19,HF,rel,66ms,22,526.3,0,yh
19,HF,rel,66ms,23,920.7,0,yh
19,HF,rel,66ms,24,940.8,0,yh
19,LF,rel,66ms,37,687.4,0,yh
19,LF,rel,66ms,38,746.7,0,yh
19,LF,rel,66ms,39,789.1,0,yh
19,LF,rel,66ms,40,646.9,1,yh
19,LF,rel,66ms,41,682,0,yh
19,LF,rel,66ms,42,861.3,1,yh
19,LF,rel,66ms,43,896.1,0,yh
19,LF,rel,66ms,44,877.9,1,yh
19,LF,rel,66ms,45,797,0,yh
19,LF,rel,66ms,46,603.8,0,yh
19,LF,rel,66ms,47,489,0,yh
19,LF,rel,66ms,48,707.3,1,yh
19,HF,rel,33ms,1,764.3,0,yh
19,HF,rel,33ms,2,565.6,0,yh
19,HF,rel,33ms,3,934.9,1,yh
19,HF,rel,33ms,4,705.5,0,yh
19,HF,rel,33ms,5,624,0,yh
19,HF,rel,33ms,6,670.5,0,yh
19,HF,rel,33ms,7,582.4,0,yh
19,HF,rel,33ms,8,530.5,0,yh
19,HF,rel,33ms,9,754,0,yh
19,HF,rel,33ms,10,581.5,0,yh
19,HF,rel,33ms,11,602.9,0,yh
19,HF,rel,33ms,12,607.1,0,yh
19,LF,rel,33ms,25,634.8,0,yh
19,LF,rel,33ms,26,601.8,0,yh
19,LF,rel,33ms,27,1006.9,1,yh
19,LF,rel,33ms,28,543,0,yh
19,LF,rel,33ms,29,474.4,0,yh
19,LF,rel,33ms,30,608.9,0,yh
19,LF,rel,33ms,31,958.3,0,yh
19,LF,rel,33ms,32,1006,0,yh
19,LF,rel,33ms,33,866.3,0,yh
19,LF,rel,33ms,34,1032.1,0,yh
19,LF,rel,33ms,35,907.3,0,yh
19,LF,rel,33ms,36,712,0,yh
19,HF,unrel,66ms,61,620.5,0,yh
19,HF,unrel,66ms,62,726.2,0,yh
19,HF,unrel,66ms,63,778,0,yh
19,HF,unrel,66ms,64,645.4,0,yh
19,HF,unrel,66ms,65,602.4,0,yh
19,HF,unrel,66ms,66,997.6,0,yh
19,HF,unrel,66ms,67,751.2,0,yh
19,HF,unrel,66ms,68,663.4,0,yh
19,HF,unrel,66ms,69,780.1,0,yh
19,HF,unrel,66ms,70,659.1,0,yh
19,HF,unrel,66ms,71,762.1,0,yh
19,HF,unrel,66ms,72,580.4,0,yh
19,LF,unrel,66ms,85,639.1,0,yh
19,LF,unrel,66ms,86,756,0,yh
19,LF,unrel,66ms,87,920,0,yh
19,LF,unrel,66ms,88,612,0,yh
19,LF,unrel,66ms,89,827.6,0,yh
19,LF,unrel,66ms,90,845.6,0,yh
19,LF,unrel,66ms,91,860,0,yh
19,LF,unrel,66ms,92,638.2,0,yh
19,LF,unrel,66ms,93,743.6,0,yh
19,LF,unrel,66ms,94,630.6,0,yh
19,LF,unrel,66ms,95,597.4,0,yh
19,LF,unrel,66ms,96,762.2,0,yh
19,HF,unrel,33ms,49,572.7,0,yh
19,HF,unrel,33ms,50,839.4,0,yh
19,HF,unrel,33ms,51,612.3,0,yh
19,HF,unrel,33ms,52,704.1,0,yh
19,HF,unrel,33ms,53,575,0,yh
19,HF,unrel,33ms,54,752.6,0,yh
19,HF,unrel,33ms,55,842.4,0,yh
19,HF,unrel,33ms,56,762,0,yh
19,HF,unrel,33ms,57,641.7,0,yh
19,HF,unrel,33ms,58,899.2,0,yh
19,HF,unrel,33ms,59,676.7,0,yh
19,HF,unrel,33ms,60,717.1,0,yh
19,LF,unrel,33ms,73,1032.1,0,yh
19,LF,unrel,33ms,74,678.9,0,yh
19,LF,unrel,33ms,75,901.8,1,yh
19,LF,unrel,33ms,76,981.2,1,yh
19,LF,unrel,33ms,77,695,0,yh
19,LF,unrel,33ms,78,1032.1,0,yh
19,LF,unrel,33ms,79,762.9,0,yh
19,LF,unrel,33ms,80,629.9,0,yh
19,LF,unrel,33ms,81,1032.1,0,yh
19,LF,unrel,33ms,82,738.2,1,yh
19,LF,unrel,33ms,83,785.2,0,yh
19,LF,unrel,33ms,84,752.3,0,yh
21,HF,rel,66ms,49,460.6,0,jd
21,HF,rel,66ms,50,873.6,0,jd
21,HF,rel,66ms,51,556.7,0,jd
21,HF,rel,66ms,52,551.1,0,jd
21,HF,rel,66ms,53,778.4,0,jd
21,HF,rel,66ms,54,1062.3,0,jd
21,HF,rel,66ms,55,457.7,0,jd
21,HF,rel,66ms,56,752,0,jd
21,HF,rel,66ms,57,624.5,0,jd
21,HF,rel,66ms,58,528.9,0,jd
21,HF,rel,66ms,59,606.6,0,jd
21,HF,rel,66ms,60,1062.3,0,jd
21,LF,rel,66ms,73,481,0,jd
21,LF,rel,66ms,74,654.5,0,jd
21,LF,rel,66ms,75,892.2,0,jd
21,LF,rel,66ms,76,1749.8,1,jd
21,LF,rel,66ms,77,616.7,0,jd
21,LF,rel,66ms,78,626.9,1,jd
21,LF,rel,66ms,79,512.5,0,jd
21,LF,rel,66ms,80,397.2,0,jd
21,LF,rel,66ms,81,967.3,0,jd
21,LF,rel,66ms,82,840,0,jd
21,LF,rel,66ms,83,674.6,0,jd
21,LF,rel,66ms,84,530.2,0,jd
21,HF,rel,33ms,61,528.8,0,jd
21,HF,rel,33ms,62,576.7,0,jd
21,HF,rel,33ms,63,652.3,0,jd
21,HF,rel,33ms,64,582.4,0,jd
21,HF,rel,33ms,65,681.3,0,jd
21,HF,rel,33ms,66,741.7,0,jd
21,HF,rel,33ms,67,550.5,0,jd
21,HF,rel,33ms,68,493.7,0,jd
21,HF,rel,33ms,69,540.6,0,jd
21,HF,rel,33ms,70,560.2,0,jd
21,HF,rel,33ms,71,619.2,0,jd
21,HF,rel,33ms,72,883.3,0,jd
21,LF,rel,33ms,85,702.9,0,jd
21,LF,rel,33ms,86,605.5,0,jd
21,LF,rel,33ms,87,810.7,0,jd
21,LF,rel,33ms,88,550.2,0,jd
21,LF,rel,33ms,89,758.1,0,jd
21,LF,rel,33ms,90,801.5,0,jd
21,LF,rel,33ms,91,651.5,0,jd
21,LF,rel,33ms,92,802.3,0,jd
21,LF,rel,33ms,93,775.5,0,jd
21,LF,rel,33ms,94,618.3,0,jd
21,LF,rel,33ms,95,634.2,0,jd
21,LF,rel,33ms,96,921.5,0,jd
21,HF,unrel,66ms,1,1613,1,jd
21,HF,unrel,66ms,2,479.6,0,jd
21,HF,unrel,66ms,3,680.6,0,jd
21,HF,unrel,66ms,4,511.3,0,jd
21,HF,unrel,66ms,5,563,0,jd
21,HF,unrel,66ms,6,685.3,0,jd
21,HF,unrel,66ms,7,472.5,0,jd
21,HF,unrel,66ms,8,872.5,0,jd
21,HF,unrel,66ms,9,678,0,jd
21,HF,unrel,66ms,10,592,0,jd
21,HF,unrel,66ms,11,597.7,0,jd
21,HF,unrel,66ms,12,651.4,0,jd
21,LF,unrel,66ms,25,587.7,0,jd
21,LF,unrel,66ms,26,670.3,0,jd
21,LF,unrel,66ms,27,1062.3,0,jd
21,LF,unrel,66ms,28,689.4,0,jd
21,LF,unrel,66ms,29,710.6,0,jd
21,LF,unrel,66ms,30,754.5,0,jd
21,LF,unrel,66ms,31,884.6,0,jd
21,LF,unrel,66ms,32,713.5,0,jd
21,LF,unrel,66ms,33,791.9,0,jd
21,LF,unrel,66ms,34,658.5,0,jd
21,LF,unrel,66ms,35,742,1,jd
21,LF,unrel,66ms,36,902.9,0,jd
21,HF,unrel,33ms,13,529,0,jd
21,HF,unrel,33ms,14,579.6,0,jd
21,HF,unrel,33ms,15,567.5,0,jd
21,HF,unrel,33ms,16,546,0,jd
21,HF,unrel,33ms,17,816.9,0,jd
21,HF,unrel,33ms,18,683.4,0,jd
21,HF,unrel,33ms,19,1062.3,0,jd
21,HF,unrel,33ms,20,675.3,0,jd
21,HF,unrel,33ms,21,613.1,0,jd
21,HF,unrel,33ms,22,1573.8,1,jd
21,HF,unrel,33ms,23,750.1,0,jd
21,HF,unrel,33ms,24,598.7,0,jd
21,LF,unrel,33ms,37,1062.3,0,jd
21,LF,unrel,33ms,38,950.5,0,jd
21,LF,unrel,33ms,39,591.2,0,jd
21,LF,unrel,33ms,40,588,0,jd
21,LF,unrel,33ms,41,929.2,0,jd
21,LF,unrel,33ms,42,699.8,0,jd
21,LF,unrel,33ms,43,689.4,0,jd
21,LF,unrel,33ms,44,1423.5,1,jd
21,LF,unrel,33ms,45,817,0,jd
21,LF,unrel,33ms,46,705.9,0,jd
21,LF,unrel,33ms,47,1025.8,0,jd
21,LF,unrel,33ms,48,544.3,0,jd
22,HF,rel,66ms,49,352.2,0,lk
22,HF,rel,66ms,50,453.8,0,lk
22,HF,rel,66ms,51,436.1,0,lk
22,HF,rel,66ms,52,445.1,0,lk
22,HF,rel,66ms,53,600.3,0,lk
22,HF,rel,66ms,54,688,0,lk
22,HF,rel,66ms,55,504.1,0,lk
22,HF,rel,66ms,56,790.1,0,lk
22,HF,rel,66ms,57,503,0,lk
22,HF,rel,66ms,58,490.7,0,lk
22,HF,rel,66ms,59,709.4,0,lk
22,HF,rel,66ms,60,482.3,0,lk
22,LF,rel,66ms,73,510.5,0,lk
22,LF,rel,66ms,74,469.4,0,lk
22,LF,rel,66ms,75,551.7,0,lk
22,LF,rel,66ms,76,533.4,0,lk
22,LF,rel,66ms,77,457.6,0,lk
22,LF,rel,66ms,78,539.4,0,lk
22,LF,rel,66ms,79,755.2,0,lk
22,LF,rel,66ms,80,663.5,0,lk
22,LF,rel,66ms,81,678.1,0,lk
22,LF,rel,66ms,82,719.2,0,lk
22,LF,rel,66ms,83,659.4,0,lk
22,LF,rel,66ms,84,513.3,0,lk
22,HF,rel,33ms,61,514.1,0,lk
22,HF,rel,33ms,62,415.2,0,lk
22,HF,rel,33ms,63,616.2,0,lk
22,HF,rel,33ms,64,586,0,lk
22,HF,rel,33ms,65,630.7,0,lk
22,HF,rel,33ms,66,592.2,0,lk
22,HF,rel,33ms,67,724.9,0,lk
22,HF,rel,33ms,68,817.9,0,lk
22,HF,rel,33ms,69,651.9,0,lk
22,HF,rel,33ms,70,745,0,lk
22,HF,rel,33ms,71,710.7,0,lk
22,HF,rel,33ms,72,470.2,0,lk
22,LF,rel,33ms,85,516.1,0,lk
22,LF,rel,33ms,86,547.3,0,lk
22,LF,rel,33ms,87,570.5,0,lk
22,LF,rel,33ms,88,574.8,0,lk
22,LF,rel,33ms,89,809.9,0,lk
22,LF,rel,33ms,90,799.2,0,lk
22,LF,rel,33ms,91,781.9,0,lk
22,LF,rel,33ms,92,879.8,0,lk
22,LF,rel,33ms,93,878.3,0,lk
22,LF,rel,33ms,94,757.9,0,lk
22,LF,rel,33ms,95,530.4,0,lk
22,LF,rel,33ms,96,532.6,0,lk
22,HF,unrel,66ms,1,565,0,lk
22,HF,unrel,66ms,2,498.4,0,lk
22,HF,unrel,66ms,3,708.4,0,lk
22,HF,unrel,66ms,4,524.9,0,lk
22,HF,unrel,66ms,5,521.4,0,lk
22,HF,unrel,66ms,6,591.1,0,lk
22,HF,unrel,66ms,7,764.8,0,lk
22,HF,unrel,66ms,8,768.8,0,lk
22,HF,unrel,66ms,9,543.4,0,lk
22,HF,unrel,66ms,10,556.9,0,lk
22,HF,unrel,66ms,11,534,0,lk
22,HF,unrel,66ms,12,479.6,0,lk
22,LF,unrel,66ms,25,610.2,0,lk
22,LF,unrel,66ms,26,764.9,1,lk
22,LF,unrel,66ms,27,564.4,0,lk
22,LF,unrel,66ms,28,500.5,0,lk
22,LF,unrel,66ms,29,496,0,lk
22,LF,unrel,66ms,30,849,1,lk
22,LF,unrel,66ms,31,899.3,0,lk
22,LF,unrel,66ms,32,751.3,0,lk
22,LF,unrel,66ms,33,816.3,0,lk
22,LF,unrel,66ms,34,577.3,0,lk
22,LF,unrel,66ms,35,899.3,0,lk
22,LF,unrel,66ms,36,671.8,1,lk
22,HF,unrel,33ms,13,853.1,0,lk
22,HF,unrel,33ms,14,476.4,0,lk
22,HF,unrel,33ms,15,460.6,0,lk
22,HF,unrel,33ms,16,563.8,0,lk
22,HF,unrel,33ms,17,543.4,0,lk
22,HF,unrel,33ms,18,600.2,0,lk
22,HF,unrel,33ms,19,746.4,0,lk
22,HF,unrel,33ms,20,767.5,0,lk
22,HF,unrel,33ms,21,683.3,0,lk
22,HF,unrel,33ms,22,580,0,lk
22,HF,unrel,33ms,23,568.6,0,lk
22,HF,unrel,33ms,24,577.6,0,lk
22,LF,unrel,33ms,37,880.3,0,lk
22,LF,unrel,33ms,38,689.3,0,lk
22,LF,unrel,33ms,39,571.4,0,lk
22,LF,unrel,33ms,40,514.8,0,lk
22,LF,unrel,33ms,41,656,0,lk
22,LF,unrel,33ms,42,737.8,0,lk
22,LF,unrel,33ms,43,791,0,lk
22,LF,unrel,33ms,44,784.1,0,lk
22,LF,unrel,33ms,45,612.4,0,lk
22,LF,unrel,33ms,46,670.3,0,lk
22,LF,unrel,33ms,47,757,0,lk
22,LF,unrel,33ms,48,554.6,0,lk
23,HF,rel,66ms,49,358.5,0,slc
23,HF,rel,66ms,50,344.8,0,slc
23,HF,rel,66ms,51,403,0,slc
23,HF,rel,66ms,52,366.5,0,slc
23,HF,rel,66ms,53,396.2,0,slc
23,HF,rel,66ms,54,474.2,0,slc
23,HF,rel,66ms,55,497.2,0,slc
23,HF,rel,66ms,56,351.7,0,slc
23,HF,rel,66ms,57,308.2,0,slc
23,HF,rel,66ms,58,353.2,0,slc
23,HF,rel,66ms,59,401.2,0,slc
23,HF,rel,66ms,60,305.7,0,slc
23,LF,rel,66ms,73,447.1,0,slc
23,LF,rel,66ms,74,403.3,0,slc
23,LF,rel,66ms,75,390.4,0,slc
23,LF,rel,66ms,76,512.1,0,slc
23,LF,rel,66ms,77,403.9,0,slc
23,LF,rel,66ms,78,472.4,0,slc
23,LF,rel,66ms,79,454.5,0,slc
23,LF,rel,66ms,80,311.9,0,slc
23,LF,rel,66ms,81,591.4,0,slc
23,LF,rel,66ms,82,309.6,0,slc
23,LF,rel,66ms,83,436.7,0,slc
23,LF,rel,66ms,84,322.7,1,slc
23,HF,rel,33ms,61,414.2,0,slc
23,HF,rel,33ms,62,540.4,0,slc
23,HF,rel,33ms,63,475.9,1,slc
23,HF,rel,33ms,64,419.9,0,slc
23,HF,rel,33ms,65,573.5,0,slc
23,HF,rel,33ms,66,408.1,0,slc
23,HF,rel,33ms,67,414.3,0,slc
23,HF,rel,33ms,68,383.6,0,slc
23,HF,rel,33ms,69,344.4,0,slc
23,HF,rel,33ms,70,393.8,0,slc
23,HF,rel,33ms,71,397.1,0,slc
23,HF,rel,33ms,72,389.2,0,slc
23,LF,rel,33ms,85,419.5,0,slc
23,LF,rel,33ms,86,414.7,0,slc
23,LF,rel,33ms,87,429.7,0,slc
23,LF,rel,33ms,88,587.3,0,slc
23,LF,rel,33ms,89,520,0,slc
23,LF,rel,33ms,90,449.4,0,slc
23,LF,rel,33ms,91,450.1,0,slc
23,LF,rel,33ms,92,334,0,slc
23,LF,rel,33ms,93,370,0,slc
23,LF,rel,33ms,94,393,0,slc
23,LF,rel,33ms,95,488.3,0,slc
23,LF,rel,33ms,96,437.9,0,slc
23,HF,unrel,66ms,1,660.6,0,slc
23,HF,unrel,66ms,2,660.6,0,slc
23,HF,unrel,66ms,3,469.2,1,slc
23,HF,unrel,66ms,4,443.8,0,slc
23,HF,unrel,66ms,5,463.8,0,slc
23,HF,unrel,66ms,6,582.1,0,slc
23,HF,unrel,66ms,7,475.3,0,slc
23,HF,unrel,66ms,8,400.1,0,slc
23,HF,unrel,66ms,9,347.3,0,slc
23,HF,unrel,66ms,10,405.7,0,slc
23,HF,unrel,66ms,11,482.4,0,slc
23,HF,unrel,66ms,12,427.6,0,slc
23,LF,unrel,66ms,25,421.3,1,slc
23,LF,unrel,66ms,26,600.5,0,slc
23,LF,unrel,66ms,27,568.4,0,slc
23,LF,unrel,66ms,28,455.4,0,slc
23,LF,unrel,66ms,29,371,0,slc
23,LF,unrel,66ms,30,463,1,slc
23,LF,unrel,66ms,31,387,0,slc
23,LF,unrel,66ms,32,432.5,0,slc
23,LF,unrel,66ms,33,496.3,0,slc
23,LF,unrel,66ms,34,491.1,0,slc
23,LF,unrel,66ms,35,406.5,0,slc
23,LF,unrel,66ms,36,423,1,slc
23,HF,unrel,33ms,13,417.4,0,slc
23,HF,unrel,33ms,14,401,0,slc
23,HF,unrel,33ms,15,375.5,0,slc
23,HF,unrel,33ms,16,450.1,0,slc
23,HF,unrel,33ms,17,502,0,slc
23,HF,unrel,33ms,18,632.3,0,slc
23,HF,unrel,33ms,19,439.2,0,slc
23,HF,unrel,33ms,20,371.5,0,slc
23,HF,unrel,33ms,21,335.9,0,slc
23,HF,unrel,33ms,22,388.4,0,slc
23,HF,unrel,33ms,23,398.9,0,slc
23,HF,unrel,33ms,24,396.9,0,slc
23,LF,unrel,33ms,37,460,0,slc
23,LF,unrel,33ms,38,519.6,1,slc
23,LF,unrel,33ms,39,660.6,0,slc
23,LF,unrel,33ms,40,452.9,0,slc
23,LF,unrel,33ms,41,561.6,1,slc
23,LF,unrel,33ms,42,399.9,1,slc
23,LF,unrel,33ms,43,404.2,1,slc
23,LF,unrel,33ms,44,357.6,0,slc
23,LF,unrel,33ms,45,471.3,0,slc
23,LF,unrel,33ms,46,422.7,0,slc
23,LF,unrel,33ms,47,554,0,slc
23,LF,unrel,33ms,48,391.2,1,slc
24,HF,rel,66ms,49,548.8,0,ck
24,HF,rel,66ms,50,488.5,0,ck
24,HF,rel,66ms,51,505.9,0,ck
24,HF,rel,66ms,52,464.5,0,ck
24,HF,rel,66ms,53,628.4,0,ck
24,HF,rel,66ms,54,671.7,0,ck
24,HF,rel,66ms,55,477.7,0,ck
24,HF,rel,66ms,56,541.5,0,ck
24,HF,rel,66ms,57,605,0,ck
24,HF,rel,66ms,58,530.7,0,ck
24,HF,rel,66ms,59,485.7,0,ck
24,HF,rel,66ms,60,682,0,ck
24,LF,rel,66ms,73,515.2,0,ck
24,LF,rel,66ms,74,526.2,0,ck
24,LF,rel,66ms,75,551.6,0,ck
24,LF,rel,66ms,76,424.6,0,ck
24,LF,rel,66ms,77,365.2,0,ck
24,LF,rel,66ms,78,817.1,0,ck
24,LF,rel,66ms,79,505.1,0,ck
24,LF,rel,66ms,80,453.9,0,ck
24,LF,rel,66ms,81,715.8,0,ck
24,LF,rel,66ms,82,560.8,0,ck
24,LF,rel,66ms,83,473.4,0,ck
24,LF,rel,66ms,84,731.1,0,ck
24,HF,rel,33ms,61,490,0,ck
24,HF,rel,33ms,62,414.4,0,ck
24,HF,rel,33ms,63,576.9,0,ck
24,HF,rel,33ms,64,579.4,0,ck
24,HF,rel,33ms,65,427,0,ck
24,HF,rel,33ms,66,595.7,0,ck
24,HF,rel,33ms,67,504.2,0,ck
24,HF,rel,33ms,68,451.5,0,ck
24,HF,rel,33ms,69,771.8,0,ck
24,HF,rel,33ms,70,489.8,0,ck
24,HF,rel,33ms,71,484.9,0,ck
24,HF,rel,33ms,72,817.1,0,ck
24,LF,rel,33ms,85,657.9,0,ck
24,LF,rel,33ms,86,485.9,0,ck
24,LF,rel,33ms,87,555.9,0,ck
24,LF,rel,33ms,88,445.5,1,ck
24,LF,rel,33ms,89,478.2,0,ck
24,LF,rel,33ms,90,622.1,0,ck
24,LF,rel,33ms,91,579.6,0,ck
24,LF,rel,33ms,92,514,0,ck
24,LF,rel,33ms,93,556.5,0,ck
24,LF,rel,33ms,94,550.6,0,ck
24,LF,rel,33ms,95,500.7,0,ck
24,LF,rel,33ms,96,783,0,ck
24,HF,unrel,66ms,1,726.5,0,ck
24,HF,unrel,66ms,2,440.2,0,ck
24,HF,unrel,66ms,3,706.4,0,ck
24,HF,unrel,66ms,4,396.9,0,ck
24,HF,unrel,66ms,5,525.3,0,ck
24,HF,unrel,66ms,6,537.7,0,ck
24,HF,unrel,66ms,7,444.7,0,ck
24,HF,unrel,66ms,8,497.5,0,ck
24,HF,unrel,66ms,9,600.6,0,ck
24,HF,unrel,66ms,10,461.8,0,ck
24,HF,unrel,66ms,11,501.2,0,ck
24,HF,unrel,66ms,12,817.1,0,ck
24,LF,unrel,66ms,25,817.1,0,ck
24,LF,unrel,66ms,26,558.7,0,ck
24,LF,unrel,66ms,27,632.4,0,ck
24,LF,unrel,66ms,28,667.1,0,ck
24,LF,unrel,66ms,29,558.4,0,ck
24,LF,unrel,66ms,30,720.8,0,ck
24,LF,unrel,66ms,31,573.2,0,ck
24,LF,unrel,66ms,32,534,0,ck
24,LF,unrel,66ms,33,622.9,0,ck
24,LF,unrel,66ms,34,706.1,0,ck
24,LF,unrel,66ms,35,678,0,ck
24,LF,unrel,66ms,36,817.1,0,ck
24,HF,unrel,33ms,13,562.5,0,ck
24,HF,unrel,33ms,14,451.8,0,ck
24,HF,unrel,33ms,15,487.6,0,ck
24,HF,unrel,33ms,16,335.3,0,ck
24,HF,unrel,33ms,17,394.8,0,ck
24,HF,unrel,33ms,18,560,0,ck
24,HF,unrel,33ms,19,575.8,0,ck
24,HF,unrel,33ms,20,600.9,0,ck
24,HF,unrel,33ms,21,588,0,ck
24,HF,unrel,33ms,22,487,0,ck
24,HF,unrel,33ms,23,622.2,0,ck
24,HF,unrel,33ms,24,817.1,0,ck
24,LF,unrel,33ms,37,655.2,0,ck
24,LF,unrel,33ms,38,698.4,0,ck
24,LF,unrel,33ms,39,588.9,0,ck
24,LF,unrel,33ms,40,500,0,ck
24,LF,unrel,33ms,41,554.4,0,ck
24,LF,unrel,33ms,42,551,0,ck
24,LF,unrel,33ms,43,601.4,0,ck
24,LF,unrel,33ms,44,804.1,1,ck
24,LF,unrel,33ms,45,681.1,0,ck
24,LF,unrel,33ms,46,599.2,0,ck
24,LF,unrel,33ms,47,512.7,0,ck
24,LF,unrel,33ms,48,817.1,0,ck
25,HF,rel,66ms,49,659.3,0,dp
25,HF,rel,66ms,50,378.4,0,dp
25,HF,rel,66ms,51,469.6,0,dp
25,HF,rel,66ms,52,407.9,0,dp
25,HF,rel,66ms,53,550,0,dp
25,HF,rel,66ms,54,477.5,0,dp
25,HF,rel,66ms,55,704.5,0,dp
25,HF,rel,66ms,56,691.7,0,dp
25,HF,rel,66ms,57,659.7,0,dp
25,HF,rel,66ms,58,370,0,dp
25,HF,rel,66ms,59,422.4,1,dp
25,HF,rel,66ms,60,419.2,0,dp
25,LF,rel,66ms,73,417.5,0,dp
25,LF,rel,66ms,74,503.2,0,dp
25,LF,rel,66ms,75,142.6,1,dp
25,LF,rel,66ms,76,26.6,1,dp
25,LF,rel,66ms,77,571.2,0,dp
25,LF,rel,66ms,78,518.4,0,dp
25,LF,rel,66ms,79,373.4,0,dp
25,LF,rel,66ms,80,436.9,0,dp
25,LF,rel,66ms,81,503,0,dp
25,LF,rel,66ms,82,608.4,0,dp
25,LF,rel,66ms,83,368.5,0,dp
25,LF,rel,66ms,84,575.8,0,dp
25,HF,rel,33ms,61,418.7,0,dp
25,HF,rel,33ms,62,392,0,dp
25,HF,rel,33ms,63,480.3,0,dp
25,HF,rel,33ms,64,588.8,0,dp
25,HF,rel,33ms,65,614.6,0,dp
25,HF,rel,33ms,66,577.5,0,dp
25,HF,rel,33ms,67,347.3,1,dp
25,HF,rel,33ms,68,711,0,dp
25,HF,rel,33ms,69,360.9,0,dp
25,HF,rel,33ms,70,365.1,0,dp
25,HF,rel,33ms,71,579,0,dp
25,HF,rel,33ms,72,571.1,0,dp
25,LF,rel,33ms,85,557.5,0,dp
25,LF,rel,33ms,86,698.8,0,dp
25,LF,rel,33ms,87,502.8,0,dp
25,LF,rel,33ms,88,257.2,1,dp
25,LF,rel,33ms,89,395.4,1,dp
25,LF,rel,33ms,90,544.5,0,dp
25,LF,rel,33ms,91,416.3,1,dp
25,LF,rel,33ms,92,529.2,0,dp
25,LF,rel,33ms,93,561.3,0,dp
25,LF,rel,33ms,94,522.9,1,dp
25,LF,rel,33ms,95,391.2,0,dp
25,LF,rel,33ms,96,529.5,0,dp
25,HF,unrel,66ms,1,517.6,1,dp
25,HF,unrel,66ms,2,513.8,1,dp
25,HF,unrel,66ms,3,559.1,0,dp
25,HF,unrel,66ms,4,767.1,0,dp
25,HF,unrel,66ms,5,576.8,0,dp
25,HF,unrel,66ms,6,472.9,0,dp
25,HF,unrel,66ms,7,497.1,0,dp
25,HF,unrel,66ms,8,60.7,1,dp
25,HF,unrel,66ms,9,219.4,1,dp
25,HF,unrel,66ms,10,585,1,dp
25,HF,unrel,66ms,11,36.9,1,dp
25,HF,unrel,66ms,12,592.1,1,dp
25,LF,unrel,66ms,25,516.3,0,dp
25,LF,unrel,66ms,26,431.8,0,dp
25,LF,unrel,66ms,27,652.1,0,dp
25,LF,unrel,66ms,28,616,0,dp
25,LF,unrel,66ms,29,747.5,1,dp
25,LF,unrel,66ms,30,571.1,0,dp
25,LF,unrel,66ms,31,573.3,0,dp
25,LF,unrel,66ms,32,590.4,0,dp
25,LF,unrel,66ms,33,488.7,0,dp
25,LF,unrel,66ms,34,505.1,0,dp
25,LF,unrel,66ms,35,493.5,0,dp
25,LF,unrel,66ms,36,592.3,0,dp
25,HF,unrel,33ms,13,659.8,0,dp
25,HF,unrel,33ms,14,445.9,0,dp
25,HF,unrel,33ms,15,854.8,0,dp
25,HF,unrel,33ms,16,182.2,1,dp
25,HF,unrel,33ms,17,551.1,0,dp
25,HF,unrel,33ms,18,452.5,0,dp
25,HF,unrel,33ms,19,432.8,0,dp
25,HF,unrel,33ms,20,522.8,0,dp
25,HF,unrel,33ms,21,471.5,0,dp
25,HF,unrel,33ms,22,146.9,1,dp
25,HF,unrel,33ms,23,539.3,0,dp
25,HF,unrel,33ms,24,489.1,0,dp
25,LF,unrel,33ms,37,600.6,0,dp
25,LF,unrel,33ms,38,854.8,0,dp
25,LF,unrel,33ms,39,193.1,1,dp
25,LF,unrel,33ms,40,179.5,1,dp
25,LF,unrel,33ms,41,670.2,0,dp
25,LF,unrel,33ms,42,492,0,dp
25,LF,unrel,33ms,43,532.4,0,dp
25,LF,unrel,33ms,44,502.2,0,dp
25,LF,unrel,33ms,45,533.6,1,dp
25,LF,unrel,33ms,46,443.2,0,dp
25,LF,unrel,33ms,47,449.3,0,dp
25,LF,unrel,33ms,48,478.1,1,dp
26,HF,rel,66ms,49,482.3,0,VT
26,HF,rel,66ms,50,526.7,0,VT
26,HF,rel,66ms,51,605.2,0,VT
26,HF,rel,66ms,52,536.8,0,VT
26,HF,rel,66ms,53,604.5,0,VT
26,HF,rel,66ms,54,746.4,0,VT
26,HF,rel,66ms,55,488,0,VT
26,HF,rel,66ms,56,523.4,0,VT
26,HF,rel,66ms,57,656.5,0,VT
26,HF,rel,66ms,58,612.4,0,VT
26,HF,rel,66ms,59,629.7,0,VT
26,HF,rel,66ms,60,840.9,0,VT
26,LF,rel,66ms,73,556.9,0,VT
26,LF,rel,66ms,74,646.2,0,VT
26,LF,rel,66ms,75,603.3,0,VT
26,LF,rel,66ms,76,766.9,1,VT
26,LF,rel,66ms,77,650.5,0,VT
26,LF,rel,66ms,78,632.7,0,VT
26,LF,rel,66ms,79,553.2,0,VT
26,LF,rel,66ms,80,474.5,0,VT
26,LF,rel,66ms,81,551.4,0,VT
26,LF,rel,66ms,82,631,0,VT
26,LF,rel,66ms,83,599,0,VT
26,LF,rel,66ms,84,669.5,0,VT
26,HF,rel,33ms,61,536.6,0,VT
26,HF,rel,33ms,62,595.7,0,VT
26,HF,rel,33ms,63,682.3,0,VT
26,HF,rel,33ms,64,533.2,0,VT
26,HF,rel,33ms,65,629,0,VT
26,HF,rel,33ms,66,794.1,0,VT
26,HF,rel,33ms,67,531.6,0,VT
26,HF,rel,33ms,68,517.9,0,VT
26,HF,rel,33ms,69,550.6,0,VT
26,HF,rel,33ms,70,547.9,0,VT
26,HF,rel,33ms,71,657.1,0,VT
26,HF,rel,33ms,72,679.9,0,VT
26,LF,rel,33ms,85,593.4,0,VT
26,LF,rel,33ms,86,627,0,VT
26,LF,rel,33ms,87,676.3,0,VT
26,LF,rel,33ms,88,587.5,0,VT
26,LF,rel,33ms,89,533.7,0,VT
26,LF,rel,33ms,90,840.9,0,VT
26,LF,rel,33ms,91,673.4,0,VT
26,LF,rel,33ms,92,518,0,VT
26,LF,rel,33ms,93,502.3,0,VT
26,LF,rel,33ms,94,571.8,0,VT
26,LF,rel,33ms,95,678.5,0,VT
26,LF,rel,33ms,96,641.9,0,VT
26,HF,unrel,66ms,1,530.4,0,VT
26,HF,unrel,66ms,2,572.5,0,VT
26,HF,unrel,66ms,3,767.5,0,VT
26,HF,unrel,66ms,4,592.2,0,VT
26,HF,unrel,66ms,5,576.4,0,VT
26,HF,unrel,66ms,6,607.5,0,VT
26,HF,unrel,66ms,7,549.5,0,VT
26,HF,unrel,66ms,8,604.4,0,VT
26,HF,unrel,66ms,9,611.6,0,VT
26,HF,unrel,66ms,10,565.7,0,VT
26,HF,unrel,66ms,11,722.6,0,VT
26,HF,unrel,66ms,12,718,0,VT
26,LF,unrel,66ms,25,644.6,0,VT
26,LF,unrel,66ms,26,702,0,VT
26,LF,unrel,66ms,27,657.8,0,VT
26,LF,unrel,66ms,28,581.2,0,VT
26,LF,unrel,66ms,29,787.8,0,VT
26,LF,unrel,66ms,30,679.6,0,VT
26,LF,unrel,66ms,31,527.6,0,VT
26,LF,unrel,66ms,32,678.4,0,VT
26,LF,unrel,66ms,33,638.3,0,VT
26,LF,unrel,66ms,34,577,0,VT
26,LF,unrel,66ms,35,840.9,0,VT
26,LF,unrel,66ms,36,651.7,1,VT
26,HF,unrel,33ms,13,572.8,0,VT
26,HF,unrel,33ms,14,563.1,0,VT
26,HF,unrel,33ms,15,629.8,0,VT
26,HF,unrel,33ms,16,686.3,0,VT
26,HF,unrel,33ms,17,685.9,0,VT
26,HF,unrel,33ms,18,702.2,0,VT
26,HF,unrel,33ms,19,496,0,VT
26,HF,unrel,33ms,20,532.9,0,VT
26,HF,unrel,33ms,21,629.6,0,VT
26,HF,unrel,33ms,22,637.2,0,VT
26,HF,unrel,33ms,23,576.8,0,VT
26,HF,unrel,33ms,24,598.4,0,VT
26,LF,unrel,33ms,37,692.9,0,VT
26,LF,unrel,33ms,38,616.5,1,VT
26,LF,unrel,33ms,39,717.6,0,VT
26,LF,unrel,33ms,40,590,0,VT
26,LF,unrel,33ms,41,545.3,0,VT
26,LF,unrel,33ms,42,689,0,VT
26,LF,unrel,33ms,43,641.2,0,VT
26,LF,unrel,33ms,44,599.5,0,VT
26,LF,unrel,33ms,45,581.6,0,VT
26,LF,unrel,33ms,46,682.4,0,VT
26,LF,unrel,33ms,47,763.9,0,VT
26,LF,unrel,33ms,48,702.4,0,VT
27,HF,rel,66ms,49,388.3,0,ts
27,HF,rel,66ms,50,374.6,0,ts
27,HF,rel,66ms,51,358.1,0,ts
27,HF,rel,66ms,52,469,0,ts
27,HF,rel,66ms,53,414.8,0,ts
27,HF,rel,66ms,54,467.1,0,ts
27,HF,rel,66ms,55,453.1,0,ts
27,HF,rel,66ms,56,464.7,0,ts
27,HF,rel,66ms,57,387.6,0,ts
27,HF,rel,66ms,58,340.1,0,ts
27,HF,rel,66ms,59,369.5,0,ts
27,HF,rel,66ms,60,365.9,0,ts
27,LF,rel,66ms,73,541.2,0,ts
27,LF,rel,66ms,74,401,0,ts
27,LF,rel,66ms,75,417.1,0,ts
27,LF,rel,66ms,76,396.3,0,ts
27,LF,rel,66ms,77,480.8,0,ts
27,LF,rel,66ms,78,407.9,0,ts
27,LF,rel,66ms,79,647.5,0,ts
27,LF,rel,66ms,80,459.3,0,ts
27,LF,rel,66ms,81,421.9,1,ts
27,LF,rel,66ms,82,524.5,0,ts
27,LF,rel,66ms,83,417.3,0,ts
27,LF,rel,66ms,84,379.8,1,ts
27,HF,rel,33ms,61,444.1,0,ts
27,HF,rel,33ms,62,532.2,0,ts
27,HF,rel,33ms,63,321.6,1,ts
27,HF,rel,33ms,64,373.5,0,ts
27,HF,rel,33ms,65,393.5,0,ts
27,HF,rel,33ms,66,534.5,0,ts
27,HF,rel,33ms,67,508.2,0,ts
27,HF,rel,33ms,68,468.4,0,ts
27,HF,rel,33ms,69,434.9,0,ts
27,HF,rel,33ms,70,373.3,0,ts
27,HF,rel,33ms,71,511.4,0,ts
27,HF,rel,33ms,72,369.2,0,ts
27,LF,rel,33ms,85,352.6,0,ts
27,LF,rel,33ms,86,460.4,0,ts
27,LF,rel,33ms,87,450.3,0,ts
27,LF,rel,33ms,88,389.8,1,ts
27,LF,rel,33ms,89,496.6,0,ts
27,LF,rel,33ms,90,647.5,0,ts
27,LF,rel,33ms,91,544.5,0,ts
27,LF,rel,33ms,92,466.3,0,ts
27,LF,rel,33ms,93,547.3,0,ts
27,LF,rel,33ms,94,495.2,0,ts
27,LF,rel,33ms,95,421.7,0,ts
27,LF,rel,33ms,96,401.4,0,ts
27,HF,unrel,66ms,1,431.6,0,ts
27,HF,unrel,66ms,2,412.4,0,ts
27,HF,unrel,66ms,3,428.4,0,ts
27,HF,unrel,66ms,4,431.9,0,ts
27,HF,unrel,66ms,5,450,0,ts
27,HF,unrel,66ms,6,380.2,0,ts
27,HF,unrel,66ms,7,473.6,0,ts
27,HF,unrel,66ms,8,557,0,ts
27,HF,unrel,66ms,9,476.4,0,ts
27,HF,unrel,66ms,10,425.1,0,ts
27,HF,unrel,66ms,11,388.7,0,ts
27,HF,unrel,66ms,12,469.7,1,ts
27,LF,unrel,66ms,25,462.6,1,ts
27,LF,unrel,66ms,26,374.3,0,ts
27,LF,unrel,66ms,27,479,0,ts
27,LF,unrel,66ms,28,531.3,0,ts
27,LF,unrel,66ms,29,433.6,0,ts
27,LF,unrel,66ms,30,435.4,1,ts
27,LF,unrel,66ms,31,487.3,0,ts
27,LF,unrel,66ms,32,647.5,0,ts
27,LF,unrel,66ms,33,485.2,0,ts
27,LF,unrel,66ms,34,465.8,0,ts
27,LF,unrel,66ms,35,517.6,0,ts
27,LF,unrel,66ms,36,420.7,0,ts
27,HF,unrel,33ms,13,589.5,0,ts
27,HF,unrel,33ms,14,593.7,0,ts
27,HF,unrel,33ms,15,443.2,0,ts
27,HF,unrel,33ms,16,429.8,0,ts
27,HF,unrel,33ms,17,407.6,0,ts
27,HF,unrel,33ms,18,465,0,ts
27,HF,unrel,33ms,19,446.5,0,ts
27,HF,unrel,33ms,20,426.6,0,ts
27,HF,unrel,33ms,21,472.8,0,ts
27,HF,unrel,33ms,22,394.7,0,ts
27,HF,unrel,33ms,23,401.9,0,ts
27,HF,unrel,33ms,24,463.4,0,ts
27,LF,unrel,33ms,37,410.2,0,ts
27,LF,unrel,33ms,38,482.2,1,ts
27,LF,unrel,33ms,39,481.1,0,ts
27,LF,unrel,33ms,40,459.4,0,ts
27,LF,unrel,33ms,41,439.9,0,ts
27,LF,unrel,33ms,42,560.5,1,ts
27,LF,unrel,33ms,43,647.5,0,ts
27,LF,unrel,33ms,44,579.5,0,ts
27,LF,unrel,33ms,45,455.7,1,ts
27,LF,unrel,33ms,46,495.6,0,ts
27,LF,unrel,33ms,47,453.2,1,ts
27,LF,unrel,33ms,48,511,0,ts
28,HF,rel,66ms,49,450,1,aa
28,HF,rel,66ms,50,474.2,0,aa
28,HF,rel,66ms,51,391.3,0,aa
28,HF,rel,66ms,52,462,0,aa
28,HF,rel,66ms,53,537.7,0,aa
28,HF,rel,66ms,54,652.7,0,aa
28,HF,rel,66ms,55,427.4,0,aa
28,HF,rel,66ms,56,402,0,aa
28,HF,rel,66ms,57,405.9,0,aa
28,HF,rel,66ms,58,402,0,aa
28,HF,rel,66ms,59,423.1,0,aa
28,HF,rel,66ms,60,398.4,0,aa
28,LF,rel,66ms,73,694.1,0,aa
28,LF,rel,66ms,74,463.1,0,aa
28,LF,rel,66ms,75,421.9,1,aa
28,LF,rel,66ms,76,671.3,0,aa
28,LF,rel,66ms,77,450.3,0,aa
28,LF,rel,66ms,78,437,0,aa
28,LF,rel,66ms,79,478.4,0,aa
28,LF,rel,66ms,80,438.6,0,aa
28,LF,rel,66ms,81,595.3,0,aa
28,LF,rel,66ms,82,530.1,0,aa
28,LF,rel,66ms,83,489,0,aa
28,LF,rel,66ms,84,419.9,0,aa
28,HF,rel,33ms,61,508.1,0,aa
28,HF,rel,33ms,62,412.7,0,aa
28,HF,rel,33ms,63,399.1,0,aa
28,HF,rel,33ms,64,592,0,aa
28,HF,rel,33ms,65,617.3,0,aa
28,HF,rel,33ms,66,494.2,1,aa
28,HF,rel,33ms,67,630,0,aa
28,HF,rel,33ms,68,743.6,0,aa
28,HF,rel,33ms,69,486.4,0,aa
28,HF,rel,33ms,70,651.9,0,aa
28,HF,rel,33ms,71,614.6,0,aa
28,HF,rel,33ms,72,484.4,0,aa
28,LF,rel,33ms,85,450.6,0,aa
28,LF,rel,33ms,86,487.2,0,aa
28,LF,rel,33ms,87,637.1,0,aa
28,LF,rel,33ms,88,829.8,0,aa
28,LF,rel,33ms,89,562,1,aa
28,LF,rel,33ms,90,571.4,1,aa
28,LF,rel,33ms,91,399.1,0,aa
28,LF,rel,33ms,92,425.3,0,aa
28,LF,rel,33ms,93,409.6,0,aa
28,LF,rel,33ms,94,460.3,0,aa
28,LF,rel,33ms,95,529.8,0,aa
28,LF,rel,33ms,96,545.8,0,aa
28,HF,unrel,66ms,1,508.3,0,aa
28,HF,unrel,66ms,2,502.8,0,aa
28,HF,unrel,66ms,3,709.7,1,aa
28,HF,unrel,66ms,4,543.5,0,aa
28,HF,unrel,66ms,5,461.9,0,aa
28,HF,unrel,66ms,6,530.6,0,aa
28,HF,unrel,66ms,7,440,0,aa
28,HF,unrel,66ms,8,497.1,0,aa
28,HF,unrel,66ms,9,513.2,0,aa
28,HF,unrel,66ms,10,455.3,0,aa
28,HF,unrel,66ms,11,462.4,0,aa
28,HF,unrel,66ms,12,457.9,0,aa
28,LF,unrel,66ms,25,829.8,0,aa
28,LF,unrel,66ms,26,630.5,0,aa
28,LF,unrel,66ms,27,472.1,0,aa
28,LF,unrel,66ms,28,656.9,0,aa
28,LF,unrel,66ms,29,524.8,0,aa
28,LF,unrel,66ms,30,514.3,0,aa
28,LF,unrel,66ms,31,453.3,0,aa
28,LF,unrel,66ms,32,689.8,0,aa
28,LF,unrel,66ms,33,611.1,0,aa
28,LF,unrel,66ms,34,499.5,0,aa
28,LF,unrel,66ms,35,829.8,0,aa
28,LF,unrel,66ms,36,482.8,0,aa
28,HF,unrel,33ms,13,514.2,0,aa
28,HF,unrel,33ms,14,480.2,0,aa
28,HF,unrel,33ms,15,524.4,0,aa
28,HF,unrel,33ms,16,550.3,0,aa
28,HF,unrel,33ms,17,572.7,0,aa
28,HF,unrel,33ms,18,596.6,0,aa
28,HF,unrel,33ms,19,417.7,0,aa
28,HF,unrel,33ms,20,729.2,0,aa
28,HF,unrel,33ms,21,566.6,0,aa
28,HF,unrel,33ms,22,515.3,0,aa
28,HF,unrel,33ms,23,535,0,aa
28,HF,unrel,33ms,24,547.6,0,aa
28,LF,unrel,33ms,37,436.9,0,aa
28,LF,unrel,33ms,38,527.3,1,aa
28,LF,unrel,33ms,39,764.8,0,aa
28,LF,unrel,33ms,40,466.1,0,aa
28,LF,unrel,33ms,41,472.4,0,aa
28,LF,unrel,33ms,42,565.8,0,aa
28,LF,unrel,33ms,43,510.9,0,aa
28,LF,unrel,33ms,44,549.8,0,aa
28,LF,unrel,33ms,45,484.2,0,aa
28,LF,unrel,33ms,46,532.3,0,aa
28,LF,unrel,33ms,47,646.9,0,aa
28,LF,unrel,33ms,48,618.7,0,aa
31,HF,rel,66ms,61,506.7,0,cg
31,HF,rel,66ms,62,487.1,0,cg
31,HF,rel,66ms,63,415.8,0,cg
31,HF,rel,66ms,64,444.4,0,cg
31,HF,rel,66ms,65,487.6,0,cg
31,HF,rel,66ms,66,488.4,0,cg
31,HF,rel,66ms,67,402.1,0,cg
31,HF,rel,66ms,68,414.6,0,cg
31,HF,rel,66ms,69,655,0,cg
31,HF,rel,66ms,70,370.5,0,cg
31,HF,rel,66ms,71,455.3,1,cg
31,HF,rel,66ms,72,414.2,0,cg
31,LF,rel,66ms,85,536.3,0,cg
31,LF,rel,66ms,86,451.7,0,cg
31,LF,rel,66ms,87,405.5,0,cg
31,LF,rel,66ms,88,459.6,0,cg
31,LF,rel,66ms,89,533.3,0,cg
31,LF,rel,66ms,90,428.9,0,cg
31,LF,rel,66ms,91,468.6,0,cg
31,LF,rel,66ms,92,391.4,0,cg
31,LF,rel,66ms,93,556,0,cg
31,LF,rel,66ms,94,341.9,0,cg
31,LF,rel,66ms,95,281,1,cg
31,LF,rel,66ms,96,530.9,0,cg
31,HF,rel,33ms,49,505.3,0,cg
31,HF,rel,33ms,50,481.6,0,cg
31,HF,rel,33ms,51,415.9,0,cg
31,HF,rel,33ms,52,521.9,0,cg
31,HF,rel,33ms,53,464.5,0,cg
31,HF,rel,33ms,54,497.6,0,cg
31,HF,rel,33ms,55,389.8,0,cg
31,HF,rel,33ms,56,599.6,0,cg
31,HF,rel,33ms,57,599.5,0,cg
31,HF,rel,33ms,58,372.8,0,cg
31,HF,rel,33ms,59,467.6,0,cg
31,HF,rel,33ms,60,311.3,1,cg
31,LF,rel,33ms,73,553.2,0,cg
31,LF,rel,33ms,74,509.4,0,cg
31,LF,rel,33ms,75,441.2,0,cg
31,LF,rel,33ms,76,655,0,cg
31,LF,rel,33ms,77,541.5,0,cg
31,LF,rel,33ms,78,514.9,0,cg
31,LF,rel,33ms,79,478.2,0,cg
31,LF,rel,33ms,80,450.1,0,cg
31,LF,rel,33ms,81,560.6,0,cg
31,LF,rel,33ms,82,354.2,0,cg
31,LF,rel,33ms,83,334.9,0,cg
31,LF,rel,33ms,84,418.3,0,cg
31,HF,unrel,66ms,13,491.5,0,cg
31,HF,unrel,66ms,14,483.3,0,cg
31,HF,unrel,66ms,15,489.1,0,cg
31,HF,unrel,66ms,16,528.3,0,cg
31,HF,unrel,66ms,17,540.1,0,cg
31,HF,unrel,66ms,18,464.6,0,cg
31,HF,unrel,66ms,19,567.1,0,cg
31,HF,unrel,66ms,20,461.6,0,cg
31,HF,unrel,66ms,21,455.7,0,cg
31,HF,unrel,66ms,22,427.7,0,cg
31,HF,unrel,66ms,23,531.4,0,cg
31,HF,unrel,66ms,24,452.7,0,cg
31,LF,unrel,66ms,37,459.7,0,cg
31,LF,unrel,66ms,38,546.9,0,cg
31,LF,unrel,66ms,39,524.4,0,cg
31,LF,unrel,66ms,40,557.9,0,cg
31,LF,unrel,66ms,41,632.5,0,cg
31,LF,unrel,66ms,42,564.6,0,cg
31,LF,unrel,66ms,43,515.4,0,cg
31,LF,unrel,66ms,44,501.5,0,cg
31,LF,unrel,66ms,45,501.5,0,cg
31,LF,unrel,66ms,46,484.3,0,cg
31,LF,unrel,66ms,47,502,1,cg
31,LF,unrel,66ms,48,369.1,1,cg
31,HF,unrel,33ms,1,421.6,0,cg
31,HF,unrel,33ms,2,467.4,0,cg
31,HF,unrel,33ms,3,475.4,0,cg
31,HF,unrel,33ms,4,513.5,0,cg
31,HF,unrel,33ms,5,581,0,cg
31,HF,unrel,33ms,6,435.8,0,cg
31,HF,unrel,33ms,7,515.7,0,cg
31,HF,unrel,33ms,8,511,0,cg
31,HF,unrel,33ms,9,485.6,0,cg
31,HF,unrel,33ms,10,461.7,0,cg
31,HF,unrel,33ms,11,360.1,0,cg
31,HF,unrel,33ms,12,513.2,0,cg
31,LF,unrel,33ms,25,465.4,0,cg
31,LF,unrel,33ms,26,527.2,0,cg
31,LF,unrel,33ms,27,512.1,1,cg
31,LF,unrel,33ms,28,524.8,0,cg
31,LF,unrel,33ms,29,655,0,cg
31,LF,unrel,33ms,30,489.3,1,cg
31,LF,unrel,33ms,31,562.5,0,cg
31,LF,unrel,33ms,32,528.6,0,cg
31,LF,unrel,33ms,33,507.4,0,cg
31,LF,unrel,33ms,34,423.8,1,cg
31,LF,unrel,33ms,35,457.4,0,cg
31,LF,unrel,33ms,36,383.4,1,cg
32,HF,rel,66ms,61,382.8,0,am
32,HF,rel,66ms,62,336.8,0,am
32,HF,rel,66ms,63,481.4,0,am
32,HF,rel,66ms,64,263.2,1,am
32,HF,rel,66ms,65,423.8,0,am
32,HF,rel,66ms,66,676,0,am
32,HF,rel,66ms,67,425.9,0,am
32,HF,rel,66ms,68,112.3,1,am
32,HF,rel,66ms,69,551.1,0,am
32,HF,rel,66ms,70,568.6,0,am
32,HF,rel,66ms,71,429.2,0,am
32,HF,rel,66ms,72,608.9,0,am
32,LF,rel,66ms,85,495.7,0,am
32,LF,rel,66ms,86,509.5,0,am
32,LF,rel,66ms,87,595.5,1,am
32,LF,rel,66ms,88,491.3,0,am
32,LF,rel,66ms,89,382.9,1,am
32,LF,rel,66ms,90,746.6,0,am
32,LF,rel,66ms,91,567.5,0,am
32,LF,rel,66ms,92,502.4,0,am
32,LF,rel,66ms,93,733.2,0,am
32,LF,rel,66ms,94,480.7,1,am
32,LF,rel,66ms,95,518.7,1,am
32,LF,rel,66ms,96,489.3,0,am
32,HF,rel,33ms,49,359.9,0,am
32,HF,rel,33ms,50,534.7,0,am
32,HF,rel,33ms,51,659.6,0,am
32,HF,rel,33ms,52,306.8,0,am
32,HF,rel,33ms,53,482.8,0,am
32,HF,rel,33ms,54,1825.6,1,am
32,HF,rel,33ms,55,189.1,1,am
32,HF,rel,33ms,56,285.1,1,am
32,HF,rel,33ms,57,543.2,0,am
32,HF,rel,33ms,58,547.5,0,am
32,HF,rel,33ms,59,555.6,1,am
32,HF,rel,33ms,60,549.8,0,am
32,LF,rel,33ms,73,480.5,0,am
32,LF,rel,33ms,74,450.4,0,am
32,LF,rel,33ms,75,467.8,0,am
32,LF,rel,33ms,76,437.1,0,am
32,LF,rel,33ms,77,390.6,1,am
32,LF,rel,33ms,78,1623.9,1,am
32,LF,rel,33ms,79,330.6,1,am
32,LF,rel,33ms,80,279.3,1,am
32,LF,rel,33ms,81,496.5,0,am
32,LF,rel,33ms,82,469.6,0,am
32,LF,rel,33ms,83,423.5,0,am
32,LF,rel,33ms,84,714.9,0,am
32,HF,unrel,66ms,13,517.2,0,am
32,HF,unrel,66ms,14,410,0,am
32,HF,unrel,66ms,15,517.6,0,am
32,HF,unrel,66ms,16,543.7,0,am
32,HF,unrel,66ms,17,453.7,1,am
32,HF,unrel,66ms,18,524.2,0,am
32,HF,unrel,66ms,19,126,1,am
32,HF,unrel,66ms,20,297.5,1,am
32,HF,unrel,66ms,21,548.9,0,am
32,HF,unrel,66ms,22,570.4,0,am
32,HF,unrel,66ms,23,542,0,am
32,HF,unrel,66ms,24,612.9,0,am
32,LF,unrel,66ms,37,492.3,0,am
32,LF,unrel,66ms,38,573.1,1,am
32,LF,unrel,66ms,39,593.5,0,am
32,LF,unrel,66ms,40,489.5,0,am
32,LF,unrel,66ms,41,595,0,am
32,LF,unrel,66ms,42,350.9,0,am
32,LF,unrel,66ms,43,774.9,0,am
32,LF,unrel,66ms,44,668.7,0,am
32,LF,unrel,66ms,45,495.2,1,am
32,LF,unrel,66ms,46,706.8,0,am
32,LF,unrel,66ms,47,473.6,0,am
32,LF,unrel,66ms,48,494.3,1,am
32,HF,unrel,33ms,1,439.9,0,am
32,HF,unrel,33ms,2,475.1,0,am
32,HF,unrel,33ms,3,601.7,0,am
32,HF,unrel,33ms,4,428.2,0,am
32,HF,unrel,33ms,5,475.9,0,am
32,HF,unrel,33ms,6,566.4,0,am
32,HF,unrel,33ms,7,348.3,0,am
32,HF,unrel,33ms,8,473.4,1,am
32,HF,unrel,33ms,9,535.6,0,am
32,HF,unrel,33ms,10,405.4,0,am
32,HF,unrel,33ms,11,569,0,am
32,HF,unrel,33ms,12,445,1,am
32,LF,unrel,33ms,25,647.5,0,am
32,LF,unrel,33ms,26,588.4,0,am
32,LF,unrel,33ms,27,390,1,am
32,LF,unrel,33ms,28,517.6,0,am
32,LF,unrel,33ms,29,574.3,0,am
32,LF,unrel,33ms,30,513.7,0,am
32,LF,unrel,33ms,31,167.2,1,am
32,LF,unrel,33ms,32,442.1,0,am
32,LF,unrel,33ms,33,774.9,0,am
32,LF,unrel,33ms,34,581.4,0,am
32,LF,unrel,33ms,35,468,0,am
32,LF,unrel,33ms,36,774.9,0,am
33,HF,rel,66ms,61,510.4,0,cw
33,HF,rel,66ms,62,396.1,0,cw
33,HF,rel,66ms,63,637.1,0,cw
33,HF,rel,66ms,64,438.5,0,cw
33,HF,rel,66ms,65,524.3,0,cw
33,HF,rel,66ms,66,474.6,0,cw
33,HF,rel,66ms,67,437.3,0,cw
33,HF,rel,66ms,68,838.8,0,cw
33,HF,rel,66ms,69,681.1,0,cw
33,HF,rel,66ms,70,583.7,0,cw
33,HF,rel,66ms,71,511,0,cw
33,HF,rel,66ms,72,489.1,0,cw
33,LF,rel,66ms,85,432.4,0,cw
33,LF,rel,66ms,86,453.1,0,cw
33,LF,rel,66ms,87,888.3,0,cw
33,LF,rel,66ms,88,527.7,0,cw
33,LF,rel,66ms,89,530.7,0,cw
33,LF,rel,66ms,90,475.3,0,cw
33,LF,rel,66ms,91,760.9,0,cw
33,LF,rel,66ms,92,434.4,0,cw
33,LF,rel,66ms,93,362.1,1,cw
33,LF,rel,66ms,94,507,0,cw
33,LF,rel,66ms,95,455.6,0,cw
33,LF,rel,66ms,96,574.7,0,cw
33,HF,rel,33ms,49,484,1,cw
33,HF,rel,33ms,50,414.3,0,cw
33,HF,rel,33ms,51,696.7,0,cw
33,HF,rel,33ms,52,395.6,0,cw
33,HF,rel,33ms,53,492.9,0,cw
33,HF,rel,33ms,54,485.7,0,cw
33,HF,rel,33ms,55,566.6,0,cw
33,HF,rel,33ms,56,521.6,0,cw
33,HF,rel,33ms,57,661.3,0,cw
33,HF,rel,33ms,58,478,0,cw
33,HF,rel,33ms,59,529.3,0,cw
33,HF,rel,33ms,60,563.6,0,cw
33,LF,rel,33ms,73,579.6,0,cw
33,LF,rel,33ms,74,486.6,0,cw
33,LF,rel,33ms,75,557.6,0,cw
33,LF,rel,33ms,76,572.5,0,cw
33,LF,rel,33ms,77,528.6,0,cw
33,LF,rel,33ms,78,561,0,cw
33,LF,rel,33ms,79,512.6,0,cw
33,LF,rel,33ms,80,492.3,0,cw
33,LF,rel,33ms,81,596,0,cw
33,LF,rel,33ms,82,841.5,0,cw
33,LF,rel,33ms,83,713.9,0,cw
33,LF,rel,33ms,84,565.6,0,cw
33,HF,unrel,66ms,13,610.9,0,cw
33,HF,unrel,66ms,14,468.1,0,cw
33,HF,unrel,66ms,15,647.3,0,cw
33,HF,unrel,66ms,16,450.3,0,cw
33,HF,unrel,66ms,17,459,0,cw
33,HF,unrel,66ms,18,551.7,0,cw
33,HF,unrel,66ms,19,515.4,0,cw
33,HF,unrel,66ms,20,490.6,0,cw
33,HF,unrel,66ms,21,545.8,0,cw
33,HF,unrel,66ms,22,532.6,0,cw
33,HF,unrel,66ms,23,543.4,0,cw
33,HF,unrel,66ms,24,514.4,0,cw
33,LF,unrel,66ms,37,690.8,0,cw
33,LF,unrel,66ms,38,576.6,0,cw
33,LF,unrel,66ms,39,702.2,0,cw
33,LF,unrel,66ms,40,717.9,0,cw
33,LF,unrel,66ms,41,519.4,0,cw
33,LF,unrel,66ms,42,502.2,0,cw
33,LF,unrel,66ms,43,612.9,0,cw
33,LF,unrel,66ms,44,888.3,0,cw
33,LF,unrel,66ms,45,559.5,0,cw
33,LF,unrel,66ms,46,775.5,0,cw
33,LF,unrel,66ms,47,661,1,cw
33,LF,unrel,66ms,48,667.5,0,cw
33,HF,unrel,33ms,1,595.2,0,cw
33,HF,unrel,33ms,2,518.1,0,cw
33,HF,unrel,33ms,3,643,0,cw
33,HF,unrel,33ms,4,498.7,0,cw
33,HF,unrel,33ms,5,449.4,1,cw
33,HF,unrel,33ms,6,459.7,1,cw
33,HF,unrel,33ms,7,630,0,cw
33,HF,unrel,33ms,8,504.6,0,cw
33,HF,unrel,33ms,9,508.9,0,cw
33,HF,unrel,33ms,10,607.3,0,cw
33,HF,unrel,33ms,11,475.9,0,cw
33,HF,unrel,33ms,12,503,0,cw
33,LF,unrel,33ms,25,521.7,0,cw
33,LF,unrel,33ms,26,888.3,0,cw
33,LF,unrel,33ms,27,870.7,0,cw
33,LF,unrel,33ms,28,471.8,1,cw
33,LF,unrel,33ms,29,536.1,0,cw
33,LF,unrel,33ms,30,528.5,0,cw
33,LF,unrel,33ms,31,767.9,1,cw
33,LF,unrel,33ms,32,683.2,0,cw
33,LF,unrel,33ms,33,600,0,cw
33,LF,unrel,33ms,34,689.9,0,cw
33,LF,unrel,33ms,35,855.1,0,cw
33,LF,unrel,33ms,36,471.7,0,cw
34,HF,rel,66ms,61,554.9,0,lp
34,HF,rel,66ms,62,541.2,0,lp
34,HF,rel,66ms,63,528.5,0,lp
34,HF,rel,66ms,64,436.6,0,lp
34,HF,rel,66ms,65,535.6,0,lp
34,HF,rel,66ms,66,737.8,0,lp
34,HF,rel,66ms,67,469.3,0,lp
34,HF,rel,66ms,68,486.3,0,lp
34,HF,rel,66ms,69,565.9,0,lp
34,HF,rel,66ms,70,781.3,0,lp
34,HF,rel,66ms,71,524.4,0,lp
34,HF,rel,66ms,72,497.4,0,lp
34,LF,rel,66ms,85,497.5,0,lp
34,LF,rel,66ms,86,477.1,0,lp
34,LF,rel,66ms,87,563.4,0,lp
34,LF,rel,66ms,88,482.7,0,lp
34,LF,rel,66ms,89,559,0,lp
34,LF,rel,66ms,90,629.6,0,lp
34,LF,rel,66ms,91,633.4,0,lp
34,LF,rel,66ms,92,639.7,0,lp
34,LF,rel,66ms,93,571.4,0,lp
34,LF,rel,66ms,94,564.8,0,lp
34,LF,rel,66ms,95,572,0,lp
34,LF,rel,66ms,96,571.4,0,lp
34,HF,rel,33ms,49,555.5,0,lp
34,HF,rel,33ms,50,590.2,0,lp
34,HF,rel,33ms,51,570.7,0,lp
34,HF,rel,33ms,52,446.3,0,lp
34,HF,rel,33ms,53,1699.4,1,lp
34,HF,rel,33ms,54,632.3,0,lp
34,HF,rel,33ms,55,660.9,0,lp
34,HF,rel,33ms,56,2628.2,1,lp
34,HF,rel,33ms,57,597.9,0,lp
34,HF,rel,33ms,58,490.1,0,lp
34,HF,rel,33ms,59,681.7,0,lp
34,HF,rel,33ms,60,688.4,0,lp
34,LF,rel,33ms,73,559.2,0,lp
34,LF,rel,33ms,74,502.4,0,lp
34,LF,rel,33ms,75,743.9,0,lp
34,LF,rel,33ms,76,859,0,lp
34,LF,rel,33ms,77,540,0,lp
34,LF,rel,33ms,78,805.2,0,lp
34,LF,rel,33ms,79,872.3,0,lp
34,LF,rel,33ms,80,795.1,0,lp
34,LF,rel,33ms,81,570.3,0,lp
34,LF,rel,33ms,82,862.5,0,lp
34,LF,rel,33ms,83,629.3,1,lp
34,LF,rel,33ms,84,808.1,0,lp
34,HF,unrel,66ms,13,545.5,0,lp
34,HF,unrel,66ms,14,588.9,0,lp
34,HF,unrel,66ms,15,663.1,0,lp
34,HF,unrel,66ms,16,490.7,0,lp
34,HF,unrel,66ms,17,532.8,0,lp
34,HF,unrel,66ms,18,697.5,0,lp
34,HF,unrel,66ms,19,497,0,lp
34,HF,unrel,66ms,20,509.7,0,lp
34,HF,unrel,66ms,21,490.6,0,lp
34,HF,unrel,66ms,22,800.7,0,lp
34,HF,unrel,66ms,23,862.5,0,lp
34,HF,unrel,66ms,24,627.1,0,lp
34,LF,unrel,66ms,37,566,0,lp
34,LF,unrel,66ms,38,537,0,lp
34,LF,unrel,66ms,39,643.2,0,lp
34,LF,unrel,66ms,40,683,0,lp
34,LF,unrel,66ms,41,486.3,0,lp
34,LF,unrel,66ms,42,653.7,0,lp
34,LF,unrel,66ms,43,587.7,0,lp
34,LF,unrel,66ms,44,872.3,0,lp
34,LF,unrel,66ms,45,714.8,1,lp
34,LF,unrel,66ms,46,717.6,0,lp
34,LF,unrel,66ms,47,585.8,0,lp
34,LF,unrel,66ms,48,872.3,0,lp
34,HF,unrel,33ms,1,488.6,0,lp
34,HF,unrel,33ms,2,638.5,0,lp
34,HF,unrel,33ms,3,502.4,0,lp
34,HF,unrel,33ms,4,528.6,0,lp
34,HF,unrel,33ms,5,497.9,0,lp
34,HF,unrel,33ms,6,595.3,0,lp
34,HF,unrel,33ms,7,570.7,0,lp
34,HF,unrel,33ms,8,502.8,0,lp
34,HF,unrel,33ms,9,663.1,0,lp
34,HF,unrel,33ms,10,654.4,0,lp
34,HF,unrel,33ms,11,501.6,0,lp
34,HF,unrel,33ms,12,641.9,0,lp
34,LF,unrel,33ms,25,493.4,0,lp
34,LF,unrel,33ms,26,547.3,0,lp
34,LF,unrel,33ms,27,518.2,0,lp
34,LF,unrel,33ms,28,649.2,0,lp
34,LF,unrel,33ms,29,760.3,1,lp
34,LF,unrel,33ms,30,693.9,0,lp
34,LF,unrel,33ms,31,527.9,0,lp
34,LF,unrel,33ms,32,692.4,0,lp
34,LF,unrel,33ms,33,615.5,0,lp
34,LF,unrel,33ms,34,581.4,0,lp
34,LF,unrel,33ms,35,685.2,0,lp
34,LF,unrel,33ms,36,872.3,0,lp
35,HF,rel,66ms,61,490.2,0,sh
35,HF,rel,66ms,62,424.6,0,sh
35,HF,rel,66ms,63,573.3,0,sh
35,HF,rel,66ms,64,452.4,0,sh
35,HF,rel,66ms,65,464,0,sh
35,HF,rel,66ms,66,434.9,0,sh
35,HF,rel,66ms,67,524.6,0,sh
35,HF,rel,66ms,68,528.4,0,sh
35,HF,rel,66ms,69,467.4,0,sh
35,HF,rel,66ms,70,462.4,0,sh
35,HF,rel,66ms,71,538.3,0,sh
35,HF,rel,66ms,72,565.5,0,sh
35,LF,rel,66ms,85,571.3,0,sh
35,LF,rel,66ms,86,519,0,sh
35,LF,rel,66ms,87,422.6,0,sh
35,LF,rel,66ms,88,485.5,0,sh
35,LF,rel,66ms,89,596.3,0,sh
35,LF,rel,66ms,90,759.4,0,sh
35,LF,rel,66ms,91,541.3,1,sh
35,LF,rel,66ms,92,523.7,0,sh
35,LF,rel,66ms,93,458.3,0,sh
35,LF,rel,66ms,94,480.4,0,sh
35,LF,rel,66ms,95,660.2,0,sh
35,LF,rel,66ms,96,456.8,0,sh
35,HF,rel,33ms,49,516.3,0,sh
35,HF,rel,33ms,50,638.9,0,sh
35,HF,rel,33ms,51,498.1,0,sh
35,HF,rel,33ms,52,523.1,0,sh
35,HF,rel,33ms,53,504.8,0,sh
35,HF,rel,33ms,54,632.9,0,sh
35,HF,rel,33ms,55,516.1,0,sh
35,HF,rel,33ms,56,513.6,0,sh
35,HF,rel,33ms,57,684.1,0,sh
35,HF,rel,33ms,58,645,0,sh
35,HF,rel,33ms,59,499.6,0,sh
35,HF,rel,33ms,60,608.5,0,sh
35,LF,rel,33ms,73,465.2,0,sh
35,LF,rel,33ms,74,535.2,0,sh
35,LF,rel,33ms,75,536.4,0,sh
35,LF,rel,33ms,76,501.8,0,sh
35,LF,rel,33ms,77,498.4,0,sh
35,LF,rel,33ms,78,518.5,0,sh
35,LF,rel,33ms,79,534.3,0,sh
35,LF,rel,33ms,80,586.5,0,sh
35,LF,rel,33ms,81,635.7,0,sh
35,LF,rel,33ms,82,624.9,0,sh
35,LF,rel,33ms,83,537.5,0,sh
35,LF,rel,33ms,84,577.4,1,sh
35,HF,unrel,66ms,13,544,0,sh
35,HF,unrel,66ms,14,465.1,0,sh
35,HF,unrel,66ms,15,444.2,0,sh
35,HF,unrel,66ms,16,546.1,0,sh
35,HF,unrel,66ms,17,546,0,sh
35,HF,unrel,66ms,18,536.9,0,sh
35,HF,unrel,66ms,19,563.3,0,sh
35,HF,unrel,66ms,20,609.3,0,sh
35,HF,unrel,66ms,21,549.9,0,sh
35,HF,unrel,66ms,22,626.9,0,sh
35,HF,unrel,66ms,23,509,0,sh
35,HF,unrel,66ms,24,759.4,0,sh
35,LF,unrel,66ms,37,582.1,0,sh
35,LF,unrel,66ms,38,556.9,0,sh
35,LF,unrel,66ms,39,474.2,1,sh
35,LF,unrel,66ms,40,506.3,0,sh
35,LF,unrel,66ms,41,578.7,0,sh
35,LF,unrel,66ms,42,758.1,0,sh
35,LF,unrel,66ms,43,759.4,0,sh
35,LF,unrel,66ms,44,759.4,0,sh
35,LF,unrel,66ms,45,551.9,0,sh
35,LF,unrel,66ms,46,557.3,0,sh
35,LF,unrel,66ms,47,619.8,0,sh
35,LF,unrel,66ms,48,735.6,0,sh
35,HF,unrel,33ms,1,497.8,0,sh
35,HF,unrel,33ms,2,572.2,0,sh
35,HF,unrel,33ms,3,594.2,0,sh
35,HF,unrel,33ms,4,582.5,0,sh
35,HF,unrel,33ms,5,525.9,0,sh
35,HF,unrel,33ms,6,653.3,0,sh
35,HF,unrel,33ms,7,506.6,0,sh
35,HF,unrel,33ms,8,551.1,0,sh
35,HF,unrel,33ms,9,759.4,0,sh
35,HF,unrel,33ms,10,645.1,0,sh
35,HF,unrel,33ms,11,754.6,1,sh
35,HF,unrel,33ms,12,546,0,sh
35,LF,unrel,33ms,25,558.4,0,sh
35,LF,unrel,33ms,26,560.6,0,sh
35,LF,unrel,33ms,27,526.2,0,sh
35,LF,unrel,33ms,28,557.7,0,sh
35,LF,unrel,33ms,29,558.7,0,sh
35,LF,unrel,33ms,30,559.1,0,sh
35,LF,unrel,33ms,31,538.9,0,sh
35,LF,unrel,33ms,32,597.5,0,sh
35,LF,unrel,33ms,33,595.9,0,sh
35,LF,unrel,33ms,34,548.1,0,sh
35,LF,unrel,33ms,35,510.3,0,sh
35,LF,unrel,33ms,36,652.4,1,sh
36,HF,rel,66ms,61,520,0,mw
36,HF,rel,66ms,62,708.7,0,mw
36,HF,rel,66ms,63,856.4,1,mw
36,HF,rel,66ms,64,507.1,0,mw
36,HF,rel,66ms,65,462.7,0,mw
36,HF,rel,66ms,66,326.8,1,mw
36,HF,rel,66ms,67,611.3,0,mw
36,HF,rel,66ms,68,496.8,0,mw
36,HF,rel,66ms,69,487,0,mw
36,HF,rel,66ms,70,597.5,0,mw
36,HF,rel,66ms,71,805.9,0,mw
36,HF,rel,66ms,72,547.3,0,mw
36,LF,rel,66ms,85,589.3,0,mw
36,LF,rel,66ms,86,501.1,0,mw
36,LF,rel,66ms,87,802.6,0,mw
36,LF,rel,66ms,88,649.6,0,mw
36,LF,rel,66ms,89,687,0,mw
36,LF,rel,66ms,90,675,0,mw
36,LF,rel,66ms,91,578.3,0,mw
36,LF,rel,66ms,92,410.2,0,mw
36,LF,rel,66ms,93,722.4,1,mw
36,LF,rel,66ms,94,780.1,0,mw
36,LF,rel,66ms,95,570.6,0,mw
36,LF,rel,66ms,96,612,0,mw
36,HF,rel,33ms,49,601.9,0,mw
36,HF,rel,33ms,50,724.1,0,mw
36,HF,rel,33ms,51,595.9,0,mw
36,HF,rel,33ms,52,620.8,0,mw
36,HF,rel,33ms,53,501.8,0,mw
36,HF,rel,33ms,54,437.3,0,mw
36,HF,rel,33ms,55,545.9,0,mw
36,HF,rel,33ms,56,448.1,0,mw
36,HF,rel,33ms,57,961.1,0,mw
36,HF,rel,33ms,58,541,0,mw
36,HF,rel,33ms,59,408.3,0,mw
36,HF,rel,33ms,60,649.2,0,mw
36,LF,rel,33ms,73,487.6,0,mw
36,LF,rel,33ms,74,670.1,0,mw
36,LF,rel,33ms,75,679.2,0,mw
36,LF,rel,33ms,76,961.1,0,mw
36,LF,rel,33ms,77,560.7,0,mw
36,LF,rel,33ms,78,361.6,1,mw
36,LF,rel,33ms,79,547.2,0,mw
36,LF,rel,33ms,80,961.1,0,mw
36,LF,rel,33ms,81,843,0,mw
36,LF,rel,33ms,82,961.1,0,mw
36,LF,rel,33ms,83,612.8,0,mw
36,LF,rel,33ms,84,792.7,0,mw
36,HF,unrel,66ms,13,811.2,0,mw
36,HF,unrel,66ms,14,655.3,0,mw
36,HF,unrel,66ms,15,619.2,0,mw
36,HF,unrel,66ms,16,596.5,0,mw
36,HF,unrel,66ms,17,517.4,0,mw
36,HF,unrel,66ms,18,524.1,0,mw
36,HF,unrel,66ms,19,515.5,0,mw
36,HF,unrel,66ms,20,474.1,0,mw
36,HF,unrel,66ms,21,521.3,0,mw
36,HF,unrel,66ms,22,646.1,0,mw
36,HF,unrel,66ms,23,698.1,0,mw
36,HF,unrel,66ms,24,553,0,mw
36,LF,unrel,66ms,37,579.1,0,mw
36,LF,unrel,66ms,38,911.5,0,mw
36,LF,unrel,66ms,39,664,0,mw
36,LF,unrel,66ms,40,394.3,0,mw
36,LF,unrel,66ms,41,628.5,0,mw
36,LF,unrel,66ms,42,507.7,0,mw
36,LF,unrel,66ms,43,543.2,0,mw
36,LF,unrel,66ms,44,502.1,0,mw
36,LF,unrel,66ms,45,661.1,0,mw
36,LF,unrel,66ms,46,620.1,0,mw
36,LF,unrel,66ms,47,623.4,0,mw
36,LF,unrel,66ms,48,823.4,0,mw
36,HF,unrel,33ms,1,395,1,mw
36,HF,unrel,33ms,2,576,0,mw
36,HF,unrel,33ms,3,937.6,0,mw
36,HF,unrel,33ms,4,628.9,0,mw
36,HF,unrel,33ms,5,530.6,0,mw
36,HF,unrel,33ms,6,509.9,0,mw
36,HF,unrel,33ms,7,469.9,0,mw
36,HF,unrel,33ms,8,508.1,0,mw
36,HF,unrel,33ms,9,674,0,mw
36,HF,unrel,33ms,10,789.8,0,mw
36,HF,unrel,33ms,11,737.7,0,mw
36,HF,unrel,33ms,12,647.7,0,mw
36,LF,unrel,33ms,25,563.5,0,mw
36,LF,unrel,33ms,26,661.4,0,mw
36,LF,unrel,33ms,27,659.3,0,mw
36,LF,unrel,33ms,28,637.4,0,mw
36,LF,unrel,33ms,29,766.2,0,mw
36,LF,unrel,33ms,30,455.7,0,mw
36,LF,unrel,33ms,31,519,0,mw
36,LF,unrel,33ms,32,454.4,0,mw
36,LF,unrel,33ms,33,692.5,0,mw
36,LF,unrel,33ms,34,791.9,0,mw
36,LF,unrel,33ms,35,557.6,1,mw
36,LF,unrel,33ms,36,590.2,1,mw
37,HF,rel,66ms,61,644.7,0,DC
37,HF,rel,66ms,62,834,0,DC
37,HF,rel,66ms,63,557.8,0,DC
37,HF,rel,66ms,64,455.5,0,DC
37,HF,rel,66ms,65,507.5,0,DC
37,HF,rel,66ms,66,438.6,0,DC
37,HF,rel,66ms,67,425,0,DC
37,HF,rel,66ms,68,544.9,0,DC
37,HF,rel,66ms,69,600.8,0,DC
37,HF,rel,66ms,70,556,0,DC
37,HF,rel,66ms,71,515.9,0,DC
37,HF,rel,66ms,72,559.6,0,DC
37,LF,rel,66ms,85,542.9,0,DC
37,LF,rel,66ms,86,731.1,0,DC
37,LF,rel,66ms,87,575.5,0,DC
37,LF,rel,66ms,88,418.7,0,DC
37,LF,rel,66ms,89,502.2,0,DC
37,LF,rel,66ms,90,563,0,DC
37,LF,rel,66ms,91,599.2,0,DC
37,LF,rel,66ms,92,658.3,0,DC
37,LF,rel,66ms,93,582.7,0,DC
37,LF,rel,66ms,94,383,0,DC
37,LF,rel,66ms,95,581.4,0,DC
37,LF,rel,66ms,96,689.8,0,DC
37,HF,rel,33ms,49,594.2,0,DC
37,HF,rel,33ms,50,900.6,0,DC
37,HF,rel,33ms,51,632.9,1,DC
37,HF,rel,33ms,52,501.1,0,DC
37,HF,rel,33ms,53,425.6,0,DC
37,HF,rel,33ms,54,451.9,0,DC
37,HF,rel,33ms,55,350.9,0,DC
37,HF,rel,33ms,56,559,0,DC
37,HF,rel,33ms,57,545.7,0,DC
37,HF,rel,33ms,58,421.4,0,DC
37,HF,rel,33ms,59,567.6,0,DC
37,HF,rel,33ms,60,871.8,0,DC
37,LF,rel,33ms,73,900.6,0,DC
37,LF,rel,33ms,74,729.5,0,DC
37,LF,rel,33ms,75,858.6,0,DC
37,LF,rel,33ms,76,790,1,DC
37,LF,rel,33ms,77,479.3,0,DC
37,LF,rel,33ms,78,651.4,0,DC
37,LF,rel,33ms,79,701.3,0,DC
37,LF,rel,33ms,80,460.1,0,DC
37,LF,rel,33ms,81,722.3,0,DC
37,LF,rel,33ms,82,731.3,0,DC
37,LF,rel,33ms,83,573,1,DC
37,LF,rel,33ms,84,579.1,0,DC
37,HF,unrel,66ms,13,777,0,DC
37,HF,unrel,66ms,14,755.3,0,DC
37,HF,unrel,66ms,15,585.8,0,DC
37,HF,unrel,66ms,16,467.4,0,DC
37,HF,unrel,66ms,17,469,0,DC
37,HF,unrel,66ms,18,510.5,0,DC
37,HF,unrel,66ms,19,545.1,0,DC
37,HF,unrel,66ms,20,480.3,0,DC
37,HF,unrel,66ms,21,454.6,0,DC
37,HF,unrel,66ms,22,447.9,0,DC
37,HF,unrel,66ms,23,458.2,0,DC
37,HF,unrel,66ms,24,564.8,0,DC
37,LF,unrel,66ms,37,900.6,0,DC
37,LF,unrel,66ms,38,860.6,1,DC
37,LF,unrel,66ms,39,489.2,0,DC
37,LF,unrel,66ms,40,577.8,0,DC
37,LF,unrel,66ms,41,497.4,0,DC
37,LF,unrel,66ms,42,570.9,0,DC
37,LF,unrel,66ms,43,900.6,0,DC
37,LF,unrel,66ms,44,398.4,0,DC
37,LF,unrel,66ms,45,522.9,0,DC
37,LF,unrel,66ms,46,518.3,0,DC
37,LF,unrel,66ms,47,549.9,0,DC
37,LF,unrel,66ms,48,739.6,0,DC
37,HF,unrel,33ms,1,673.6,0,DC
37,HF,unrel,33ms,2,724.5,0,DC
37,HF,unrel,33ms,3,747.7,0,DC
37,HF,unrel,33ms,4,429.2,0,DC
37,HF,unrel,33ms,5,578.9,0,DC
37,HF,unrel,33ms,6,446,0,DC
37,HF,unrel,33ms,7,489.9,0,DC
37,HF,unrel,33ms,8,438.2,0,DC
37,HF,unrel,33ms,9,503.4,0,DC
37,HF,unrel,33ms,10,434.6,0,DC
37,HF,unrel,33ms,11,566.3,0,DC
37,HF,unrel,33ms,12,712.8,0,DC
37,LF,unrel,33ms,25,847.2,0,DC
37,LF,unrel,33ms,26,729.1,0,DC
37,LF,unrel,33ms,27,513.5,1,DC
37,LF,unrel,33ms,28,496.5,0,DC
37,LF,unrel,33ms,29,469.4,0,DC
37,LF,unrel,33ms,30,563.3,0,DC
37,LF,unrel,33ms,31,460.6,0,DC
37,LF,unrel,33ms,32,577.6,0,DC
37,LF,unrel,33ms,33,687.8,0,DC
37,LF,unrel,33ms,34,341.8,0,DC
37,LF,unrel,33ms,35,567.7,0,DC
37,LF,unrel,33ms,36,816.6,0,DC
38,HF,rel,66ms,61,457.6,0,WC
38,HF,rel,66ms,62,449.9,0,WC
38,HF,rel,66ms,63,455.7,0,WC
38,HF,rel,66ms,64,187.6,1,WC
38,HF,rel,66ms,65,455.6,1,WC
38,HF,rel,66ms,66,487.1,0,WC
38,HF,rel,66ms,67,426.2,0,WC
38,HF,rel,66ms,68,497.6,0,WC
38,HF,rel,66ms,69,512.8,0,WC
38,HF,rel,66ms,70,393,0,WC
38,HF,rel,66ms,71,533.2,0,WC
38,HF,rel,66ms,72,436.6,0,WC
38,LF,rel,66ms,85,374.3,0,WC
38,LF,rel,66ms,86,389.5,0,WC
38,LF,rel,66ms,87,564.1,0,WC
38,LF,rel,66ms,88,463.8,0,WC
38,LF,rel,66ms,89,496.1,0,WC
38,LF,rel,66ms,90,498.6,0,WC
38,LF,rel,66ms,91,530.9,0,WC
38,LF,rel,66ms,92,402.6,0,WC
38,LF,rel,66ms,93,502.8,0,WC
38,LF,rel,66ms,94,438.4,0,WC
38,LF,rel,66ms,95,463.6,0,WC
38,LF,rel,66ms,96,468.4,0,WC
38,HF,rel,33ms,49,519.4,0,WC
38,HF,rel,33ms,50,410.9,0,WC
38,HF,rel,33ms,51,477.1,0,WC
38,HF,rel,33ms,52,414.7,0,WC
38,HF,rel,33ms,53,399.7,0,WC
38,HF,rel,33ms,54,610.9,1,WC
38,HF,rel,33ms,55,433.7,0,WC
38,HF,rel,33ms,56,435.3,0,WC
38,HF,rel,33ms,57,536.2,0,WC
38,HF,rel,33ms,58,392.3,0,WC
38,HF,rel,33ms,59,504.6,0,WC
38,HF,rel,33ms,60,540.9,0,WC
38,LF,rel,33ms,73,542.6,0,WC
38,LF,rel,33ms,74,353.4,0,WC
38,LF,rel,33ms,75,507.6,0,WC
38,LF,rel,33ms,76,381.6,0,WC
38,LF,rel,33ms,77,477.1,0,WC
38,LF,rel,33ms,78,449.4,0,WC
38,LF,rel,33ms,79,416.1,1,WC
38,LF,rel,33ms,80,443.8,0,WC
38,LF,rel,33ms,81,513,1,WC
38,LF,rel,33ms,82,423.7,0,WC
38,LF,rel,33ms,83,607.3,0,WC
38,LF,rel,33ms,84,433.3,0,WC
38,HF,unrel,66ms,13,436.8,0,WC
38,HF,unrel,66ms,14,463.2,1,WC
38,HF,unrel,66ms,15,469.3,0,WC
38,HF,unrel,66ms,16,532.5,0,WC
38,HF,unrel,66ms,17,471.2,0,WC
38,HF,unrel,66ms,18,410.2,0,WC
38,HF,unrel,66ms,19,447,0,WC
38,HF,unrel,66ms,20,439.7,0,WC
38,HF,unrel,66ms,21,408.4,0,WC
38,HF,unrel,66ms,22,382,0,WC
38,HF,unrel,66ms,23,524.4,0,WC
38,HF,unrel,66ms,24,440.8,0,WC
38,LF,unrel,66ms,37,506.8,0,WC
38,LF,unrel,66ms,38,501,0,WC
38,LF,unrel,66ms,39,511.3,0,WC
38,LF,unrel,66ms,40,470.9,0,WC
38,LF,unrel,66ms,41,548,0,WC
38,LF,unrel,66ms,42,554.3,0,WC
38,LF,unrel,66ms,43,518.1,0,WC
38,LF,unrel,66ms,44,450,0,WC
38,LF,unrel,66ms,45,524.8,1,WC
38,LF,unrel,66ms,46,466.4,1,WC
38,LF,unrel,66ms,47,498,1,WC
38,LF,unrel,66ms,48,591,1,WC
38,HF,unrel,33ms,1,498.7,0,WC
38,HF,unrel,33ms,2,546.8,0,WC
38,HF,unrel,33ms,3,571.8,0,WC
38,HF,unrel,33ms,4,476.8,0,WC
38,HF,unrel,33ms,5,396.6,0,WC
38,HF,unrel,33ms,6,478,0,WC
38,HF,unrel,33ms,7,477.9,0,WC
38,HF,unrel,33ms,8,580.9,0,WC
38,HF,unrel,33ms,9,511,1,WC
38,HF,unrel,33ms,10,569.5,0,WC
38,HF,unrel,33ms,11,460.3,0,WC
38,HF,unrel,33ms,12,502,0,WC
38,LF,unrel,33ms,25,517.4,0,WC
38,LF,unrel,33ms,26,378.5,1,WC
38,LF,unrel,33ms,27,460.1,0,WC
38,LF,unrel,33ms,28,603.2,0,WC
38,LF,unrel,33ms,29,536,0,WC
38,LF,unrel,33ms,30,607.3,0,WC
38,LF,unrel,33ms,31,507.2,1,WC
38,LF,unrel,33ms,32,610.2,1,WC
38,LF,unrel,33ms,33,512,0,WC
38,LF,unrel,33ms,34,607.3,0,WC
38,LF,unrel,33ms,35,462.5,0,WC
38,LF,unrel,33ms,36,571,0,WC
